method,history,epoch,Metric,Estimate
CNN,18,1,loss,8.83385562896729
CNN,18,2,loss,1.22202396392822
CNN,18,3,loss,1.27030229568481
CNN,18,4,loss,1.11191928386688
CNN,18,5,loss,1.14846909046173
CNN,18,6,loss,1.01404821872711
CNN,18,7,loss,1.42065119743347
CNN,18,8,loss,1.04713618755341
CNN,18,9,loss,1.08410573005676
CNN,18,10,loss,1.05783116817474
CNN,18,11,loss,1.22858011722565
CNN,18,12,loss,1.01004779338837
CNN,18,13,loss,2.0701117515564
CNN,18,14,loss,1.03223478794098
CNN,18,15,loss,1.08828485012054
CNN,19,1,loss,7.1434473991394
CNN,19,2,loss,1.06713771820068
CNN,19,3,loss,1.08979296684265
CNN,19,4,loss,1.06523704528809
CNN,19,5,loss,2.78132915496826
CNN,19,6,loss,1.06036019325256
CNN,19,7,loss,1.15014374256134
CNN,19,8,loss,1.00455152988434
CNN,19,9,loss,1.31415212154388
CNN,19,10,loss,1.01638758182526
CNN,19,11,loss,1.51414787769318
CNN,19,12,loss,1.01671922206879
CNN,19,13,loss,1.41756355762482
CNN,19,14,loss,1.00865066051483
CNN,19,15,loss,1.27934420108795
CNN,19,16,loss,1.01217210292816
CNN,19,17,loss,1.0983145236969
CNN,20,1,loss,3.64636468887329
CNN,20,2,loss,1.03220224380493
CNN,20,3,loss,1.08558773994446
CNN,20,4,loss,1.19429051876068
CNN,20,5,loss,1.02560365200043
CNN,20,6,loss,1.17026329040527
CNN,20,7,loss,1.08680903911591
CNN,20,8,loss,1.07738387584686
CNN,20,9,loss,1.87653160095215
CNN,20,10,loss,1.04196119308472
CNN,20,11,loss,1.07191956043243
CNN,20,12,loss,1.06765377521515
CNN,20,13,loss,1.12235403060913
CNN,20,14,loss,1.00522112846375
CNN,21,1,loss,3.16707396507263
CNN,21,2,loss,1.0763031244278
CNN,21,3,loss,1.03094089031219
CNN,21,4,loss,1.36151099205017
CNN,21,5,loss,1.00984656810761
CNN,21,6,loss,1.25192725658417
CNN,21,7,loss,1.01615142822266
CNN,21,8,loss,1.17546808719635
CNN,21,9,loss,1.03305554389954
CNN,21,10,loss,2.02103686332703
CNN,21,11,loss,1.0544536113739
CNN,21,12,loss,1.07203328609467
CNN,21,13,loss,1.43073773384094
CNN,21,14,loss,1.01479589939117
CNN,22,1,loss,7.38162755966187
CNN,22,2,loss,1.06929910182953
CNN,22,3,loss,1.45764291286469
CNN,22,4,loss,1.01895189285278
CNN,22,5,loss,1.06224358081818
CNN,22,6,loss,1.425785779953
CNN,22,7,loss,1.01628935337067
CNN,22,8,loss,1.23140156269073
CNN,22,9,loss,1.02263832092285
CNN,22,10,loss,1.24545836448669
CNN,22,11,loss,1.01994025707245
CNN,22,12,loss,1.15767598152161
CNN,22,13,loss,1.00421261787415
CNN,22,14,loss,1.12705755233765
CNN,23,1,loss,4.0949010848999
CNN,23,2,loss,1.03969359397888
CNN,23,3,loss,1.04628789424896
CNN,23,4,loss,1.0636785030365
CNN,23,5,loss,1.15689647197723
CNN,23,6,loss,1.04131197929382
CNN,23,7,loss,1.23467683792114
CNN,23,8,loss,1.00938701629639
CNN,23,9,loss,6.53407335281372
CNN,23,10,loss,1.16988945007324
CNN,23,11,loss,1.02288341522217
CNN,23,12,loss,1.0997166633606
CNN,23,13,loss,0.999533712863922
CNN,24,1,loss,4.15592002868652
CNN,24,2,loss,1.09231114387512
CNN,24,3,loss,1.06513321399689
CNN,24,4,loss,1.08916556835175
CNN,24,5,loss,3.86716675758362
CNN,24,6,loss,1.06634855270386
CNN,24,7,loss,1.02332079410553
CNN,24,8,loss,1.8679701089859
CNN,24,9,loss,1.02367055416107
CNN,24,10,loss,1.63321709632874
CNN,24,11,loss,1.02037489414215
CNN,25,1,loss,3.19355368614197
CNN,25,2,loss,1.06101930141449
CNN,25,3,loss,1.13516366481781
CNN,25,4,loss,1.12668919563293
CNN,25,5,loss,1.02114200592041
CNN,25,6,loss,1.27701890468597
CNN,25,7,loss,1.01657950878143
CNN,25,8,loss,4.56776571273804
CNN,25,9,loss,1.05448460578918
CNN,25,10,loss,1.02845919132233
CNN,25,11,loss,1.10910189151764
CNN,25,12,loss,1.01912844181061
CNN,25,13,loss,2.01944255828857
CNN,25,14,loss,1.0385879278183
CNN,26,1,loss,3.5899441242218
CNN,26,2,loss,1.0249115228653
CNN,26,3,loss,1.04282963275909
CNN,26,4,loss,4.94818449020386
CNN,26,5,loss,1.29764938354492
CNN,26,6,loss,1.03880679607391
CNN,26,7,loss,1.55042040348053
CNN,26,8,loss,1.0227986574173
CNN,26,9,loss,1.30962896347046
CNN,26,10,loss,1.01055991649628
CNN,26,11,loss,3.20644426345825
CNN,27,1,loss,16.0294589996338
CNN,27,2,loss,1.11772692203522
CNN,27,3,loss,1.1735748052597
CNN,27,4,loss,2.14507484436035
CNN,27,5,loss,1.11543238162994
CNN,27,6,loss,1.06385898590088
CNN,27,7,loss,1.32927978038788
CNN,27,8,loss,1.09051656723022
CNN,27,9,loss,1.11309206485748
CNN,27,10,loss,2.88526821136475
CNN,27,11,loss,1.03574681282043
CNN,27,12,loss,1.01283836364746
CNN,27,13,loss,1.44144308567047
CNN,27,14,loss,1.01564800739288
CNN,27,15,loss,1.71181988716126
CNN,28,1,loss,3.14557886123657
CNN,28,2,loss,1.06262516975403
CNN,28,3,loss,1.02002251148224
CNN,28,4,loss,3.19157886505127
CNN,28,5,loss,1.13674676418304
CNN,28,6,loss,1.01821982860565
CNN,28,7,loss,4.69585514068604
CNN,28,8,loss,1.04711854457855
CNN,28,9,loss,1.02441322803497
CNN,28,10,loss,1.07788419723511
CNN,28,11,loss,1.22161221504211
CNN,28,12,loss,1.09788465499878
CNN,29,1,loss,39.3445701599121
CNN,29,2,loss,1.93911778926849
CNN,29,3,loss,2.09994244575501
CNN,29,4,loss,1.20595598220825
CNN,29,5,loss,1.05484819412231
CNN,29,6,loss,1.30018472671509
CNN,29,7,loss,1.05956447124481
CNN,29,8,loss,1.15567290782928
CNN,29,9,loss,1.18482041358948
CNN,29,10,loss,1.03216111660004
CNN,29,11,loss,4.66611862182617
CNN,29,12,loss,1.07216322422028
CNN,29,13,loss,1.02213823795319
CNN,29,14,loss,1.06544804573059
CNN,29,15,loss,1.19782721996307
CNN,29,16,loss,1.08761239051819
CNN,30,1,loss,8.96257305145264
CNN,30,2,loss,1.12449705600739
CNN,30,3,loss,1.1587370634079
CNN,30,4,loss,1.30362403392792
CNN,30,5,loss,1.09225463867188
CNN,30,6,loss,1.2225376367569
CNN,30,7,loss,1.11538600921631
CNN,30,8,loss,1.23110997676849
CNN,30,9,loss,5.68371200561523
CNN,30,10,loss,1.11000633239746
CNN,30,11,loss,1.05846560001373
CNN,30,12,loss,1.08064436912537
CNN,30,13,loss,1.36767077445984
CNN,30,14,loss,1.00948572158813
CNN,31,1,loss,13.590217590332
CNN,31,2,loss,1.1409615278244
CNN,31,3,loss,1.12773871421814
CNN,31,4,loss,1.31282150745392
CNN,31,5,loss,1.06012141704559
CNN,31,6,loss,1.41187787055969
CNN,31,7,loss,1.05956482887268
CNN,31,8,loss,1.38835251331329
CNN,31,9,loss,1.03215944766998
CNN,31,10,loss,8.83873081207275
CNN,31,11,loss,1.15246403217316
CNN,31,12,loss,1.03515100479126
CNN,31,13,loss,1.09308218955994
CNN,31,14,loss,1.91375076770782
CNN,32,1,loss,7.74454355239868
CNN,32,2,loss,1.14469814300537
CNN,32,3,loss,1.05183947086334
CNN,32,4,loss,1.37828290462494
CNN,32,5,loss,1.08286249637604
CNN,32,6,loss,2.11598014831543
CNN,32,7,loss,1.14257717132568
CNN,32,8,loss,1.07520425319672
CNN,32,9,loss,5.59808731079102
CNN,32,10,loss,1.18378567695618
CNN,32,11,loss,1.02581310272217
CNN,32,12,loss,1.04796516895294
CNN,32,13,loss,1.25337958335876
CNN,32,14,loss,1.04801964759827
CNN,33,1,loss,12.8530349731445
CNN,33,2,loss,1.14184904098511
CNN,33,3,loss,1.31449341773987
CNN,33,4,loss,1.03636956214905
CNN,33,5,loss,1.5992978811264
CNN,33,6,loss,1.01814591884613
CNN,33,7,loss,1.15375924110413
CNN,33,8,loss,1.11380219459534
CNN,33,9,loss,1.09714293479919
CNN,33,10,loss,4.46515703201294
CNN,33,11,loss,1.10872769355774
CNN,33,12,loss,1.02973079681396
CNN,33,13,loss,1.28205919265747
CNN,33,14,loss,1.05473482608795
CNN,33,15,loss,5.27434206008911
CNN,34,1,loss,22.4020862579346
CNN,34,2,loss,1.60472929477692
CNN,34,3,loss,1.163578748703
CNN,34,4,loss,1.09542608261108
CNN,34,5,loss,1.66531205177307
CNN,34,6,loss,1.06273686885834
CNN,34,7,loss,1.13881886005402
CNN,34,8,loss,1.29946386814117
CNN,34,9,loss,1.02301275730133
CNN,34,10,loss,9.4294319152832
CNN,34,11,loss,1.1645964384079
CNN,34,12,loss,1.04514396190643
CNN,34,13,loss,1.09692072868347
CNN,34,14,loss,1.47941827774048
CNN,34,15,loss,1.00997018814087
CNN,35,1,loss,16.8054618835449
CNN,35,2,loss,1.68379902839661
CNN,35,3,loss,1.19282019138336
CNN,35,4,loss,1.0823085308075
CNN,35,5,loss,2.43320178985596
CNN,35,6,loss,1.12353563308716
CNN,35,7,loss,1.06689822673798
CNN,35,8,loss,2.03249907493591
CNN,35,9,loss,1.08612835407257
CNN,35,10,loss,1.16881465911865
CNN,35,11,loss,1.08851838111877
CNN,35,12,loss,1.25283229351044
CNN,35,13,loss,1.11904942989349
CNN,36,1,loss,8.63214302062988
CNN,36,2,loss,1.06245374679565
CNN,36,3,loss,1.75099265575409
CNN,36,4,loss,1.04370760917664
CNN,36,5,loss,1.0710711479187
CNN,36,6,loss,2.08400535583496
CNN,36,7,loss,1.02568316459656
CNN,36,8,loss,1.21879506111145
CNN,36,9,loss,3.94004011154175
CNN,36,10,loss,2.32239603996277
CNN,36,11,loss,1.04317152500153
CNN,36,12,loss,1.3808685541153
CNN,36,13,loss,1.02942669391632
CNN,37,1,loss,10.6533861160278
CNN,37,2,loss,1.1695864200592
CNN,37,3,loss,1.23808741569519
CNN,37,4,loss,1.05192375183105
CNN,37,5,loss,11.9276914596558
CNN,37,6,loss,1.51367890834808
CNN,37,7,loss,1.09813022613525
CNN,37,8,loss,1.36358737945557
CNN,37,9,loss,1.32215583324432
CNN,37,10,loss,1.09366297721863
CNN,37,11,loss,1.32474076747894
CNN,37,12,loss,1.12233352661133
CNN,37,13,loss,1.05271732807159
CNN,38,1,loss,4.05315446853638
CNN,38,2,loss,1.07654893398285
CNN,38,3,loss,1.03356230258942
CNN,38,4,loss,9.15544986724854
CNN,38,5,loss,1.26571428775787
CNN,38,6,loss,1.04519820213318
CNN,38,7,loss,1.23410296440125
CNN,38,8,loss,1.09089863300323
CNN,38,9,loss,5.30192422866821
CNN,38,10,loss,1.64995121955872
CNN,38,11,loss,1.05161428451538
CNN,38,12,loss,1.10622620582581
LSTM,18,1,loss,0.998899161815643
LSTM,18,2,loss,0.997465848922729
LSTM,18,3,loss,0.996141314506531
LSTM,18,4,loss,0.994601964950562
LSTM,18,5,loss,0.99278736114502
LSTM,18,6,loss,0.990369915962219
LSTM,18,7,loss,0.986982345581055
LSTM,18,8,loss,0.98199987411499
LSTM,18,9,loss,0.97617381811142
LSTM,18,10,loss,0.970705568790436
LSTM,19,1,loss,0.998779952526093
LSTM,19,2,loss,0.997643887996674
LSTM,19,3,loss,0.996511101722717
LSTM,19,4,loss,0.995212733745575
LSTM,19,5,loss,0.993724167346954
LSTM,19,6,loss,0.991863310337067
LSTM,19,7,loss,0.988956153392792
LSTM,19,8,loss,0.985382795333862
LSTM,19,9,loss,0.980435431003571
LSTM,19,10,loss,0.975938200950623
LSTM,19,11,loss,0.971419155597687
LSTM,20,1,loss,0.998797059059143
LSTM,20,2,loss,0.997317850589752
LSTM,20,3,loss,0.996109664440155
LSTM,20,4,loss,0.994702398777008
LSTM,20,5,loss,0.993252277374268
LSTM,20,6,loss,0.991553127765656
LSTM,20,7,loss,0.989003598690033
LSTM,20,8,loss,0.985758721828461
LSTM,20,9,loss,0.981280088424683
LSTM,20,10,loss,0.975797116756439
LSTM,21,1,loss,0.998895943164825
LSTM,21,2,loss,0.99737948179245
LSTM,21,3,loss,0.996232271194458
LSTM,21,4,loss,0.994891583919525
LSTM,21,5,loss,0.993496954441071
LSTM,21,6,loss,0.991472184658051
LSTM,21,7,loss,0.988532304763794
LSTM,21,8,loss,0.984240293502808
LSTM,21,9,loss,0.97975081205368
LSTM,21,10,loss,0.975118517875671
LSTM,21,11,loss,0.971115350723267
LSTM,22,1,loss,0.998751878738403
LSTM,22,2,loss,0.997578263282776
LSTM,22,3,loss,0.996287047863007
LSTM,22,4,loss,0.994855523109436
LSTM,22,5,loss,0.993183970451355
LSTM,22,6,loss,0.991521298885345
LSTM,22,7,loss,0.988889217376709
LSTM,22,8,loss,0.985303342342377
LSTM,22,9,loss,0.981499969959259
LSTM,22,10,loss,0.977446019649506
LSTM,23,1,loss,0.999038279056549
LSTM,23,2,loss,0.997656166553497
LSTM,23,3,loss,0.996005713939667
LSTM,23,4,loss,0.994309425354004
LSTM,23,5,loss,0.992648661136627
LSTM,23,6,loss,0.990251481533051
LSTM,23,7,loss,0.987499892711639
LSTM,23,8,loss,0.982880771160126
LSTM,23,9,loss,0.977938175201416
LSTM,23,10,loss,0.974576473236084
LSTM,23,11,loss,0.970486164093018
LSTM,24,1,loss,0.999034345149994
LSTM,24,2,loss,0.997771382331848
LSTM,24,3,loss,0.996417641639709
LSTM,24,4,loss,0.99509584903717
LSTM,24,5,loss,0.993435740470886
LSTM,24,6,loss,0.991093754768372
LSTM,24,7,loss,0.988590955734253
LSTM,24,8,loss,0.986023128032684
LSTM,24,9,loss,0.982097029685974
LSTM,24,10,loss,0.978519916534424
LSTM,24,11,loss,0.974339842796326
LSTM,25,1,loss,0.999006390571594
LSTM,25,2,loss,0.997708976268768
LSTM,25,3,loss,0.996459543704987
LSTM,25,4,loss,0.994943082332611
LSTM,25,5,loss,0.993421852588654
LSTM,25,6,loss,0.991152584552765
LSTM,25,7,loss,0.988343596458435
LSTM,25,8,loss,0.985262334346771
LSTM,25,9,loss,0.980759620666504
LSTM,25,10,loss,0.975612282752991
LSTM,25,11,loss,0.970536112785339
LSTM,26,1,loss,0.999028861522675
LSTM,26,2,loss,0.997586488723755
LSTM,26,3,loss,0.996023714542389
LSTM,26,4,loss,0.994641721248627
LSTM,26,5,loss,0.993337512016296
LSTM,26,6,loss,0.991752207279205
LSTM,26,7,loss,0.989429950714111
LSTM,26,8,loss,0.986217439174652
LSTM,26,9,loss,0.982928872108459
LSTM,26,10,loss,0.981175303459167
LSTM,27,1,loss,0.99904990196228
LSTM,27,2,loss,0.997781276702881
LSTM,27,3,loss,0.996638655662537
LSTM,27,4,loss,0.995435774326324
LSTM,27,5,loss,0.99429315328598
LSTM,27,6,loss,0.992663204669952
LSTM,27,7,loss,0.990641593933105
LSTM,27,8,loss,0.988616704940796
LSTM,27,9,loss,0.985449314117432
LSTM,27,10,loss,0.982887029647827
LSTM,28,1,loss,0.999110281467438
LSTM,28,2,loss,0.997764229774475
LSTM,28,3,loss,0.996859490871429
LSTM,28,4,loss,0.995710253715515
LSTM,28,5,loss,0.993929207324982
LSTM,28,6,loss,0.9923956990242
LSTM,28,7,loss,0.989900648593903
LSTM,28,8,loss,0.987022995948792
LSTM,28,9,loss,0.982620775699615
LSTM,28,10,loss,0.979161977767944
LSTM,28,11,loss,0.975133776664734
LSTM,29,1,loss,0.998886406421661
LSTM,29,2,loss,0.99773907661438
LSTM,29,3,loss,0.996532440185547
LSTM,29,4,loss,0.995392441749573
LSTM,29,5,loss,0.993514239788055
LSTM,29,6,loss,0.991307556629181
LSTM,29,7,loss,0.988306879997253
LSTM,29,8,loss,0.985750794410706
LSTM,29,9,loss,0.982900619506836
LSTM,29,10,loss,0.978616178035736
LSTM,29,11,loss,0.974339723587036
LSTM,30,1,loss,0.998941421508789
LSTM,30,2,loss,0.99753326177597
LSTM,30,3,loss,0.99625962972641
LSTM,30,4,loss,0.994727313518524
LSTM,30,5,loss,0.993210554122925
LSTM,30,6,loss,0.991588413715363
LSTM,30,7,loss,0.989232361316681
LSTM,30,8,loss,0.986799478530884
LSTM,30,9,loss,0.983286440372467
LSTM,30,10,loss,0.979774057865143
LSTM,30,11,loss,0.976832628250122
LSTM,31,1,loss,0.999224424362183
LSTM,31,2,loss,0.997809886932373
LSTM,31,3,loss,0.996627569198608
LSTM,31,4,loss,0.995083689689636
LSTM,31,5,loss,0.993293762207031
LSTM,31,6,loss,0.991138279438019
LSTM,31,7,loss,0.989043772220612
LSTM,31,8,loss,0.986617386341095
LSTM,31,9,loss,0.983281075954437
LSTM,31,10,loss,0.97903573513031
LSTM,31,11,loss,0.974681913852692
LSTM,32,1,loss,0.999131083488464
LSTM,32,2,loss,0.997623324394226
LSTM,32,3,loss,0.996452450752258
LSTM,32,4,loss,0.994747042655945
LSTM,32,5,loss,0.992873549461365
LSTM,32,6,loss,0.990541517734528
LSTM,32,7,loss,0.988363683223724
LSTM,32,8,loss,0.985638797283173
LSTM,32,9,loss,0.982593953609467
LSTM,32,10,loss,0.979072511196136
LSTM,33,1,loss,0.999097228050232
LSTM,33,2,loss,0.99789559841156
LSTM,33,3,loss,0.996852874755859
LSTM,33,4,loss,0.995287775993347
LSTM,33,5,loss,0.993281066417694
LSTM,33,6,loss,0.991948425769806
LSTM,33,7,loss,0.990174233913422
LSTM,33,8,loss,0.98832494020462
LSTM,33,9,loss,0.985439538955688
LSTM,33,10,loss,0.982848644256592
LSTM,33,11,loss,0.977678239345551
LSTM,34,1,loss,0.999301850795746
LSTM,34,2,loss,0.998159945011139
LSTM,34,3,loss,0.996753454208374
LSTM,34,4,loss,0.995115697383881
LSTM,34,5,loss,0.993585646152496
LSTM,34,6,loss,0.991809606552124
LSTM,34,7,loss,0.989598393440247
LSTM,34,8,loss,0.987296998500824
LSTM,34,9,loss,0.984475672245026
LSTM,34,10,loss,0.981195747852325
LSTM,35,1,loss,0.998899757862091
LSTM,35,2,loss,0.99759429693222
LSTM,35,3,loss,0.996780693531036
LSTM,35,4,loss,0.994894683361053
LSTM,35,5,loss,0.993324339389801
LSTM,35,6,loss,0.99192887544632
LSTM,35,7,loss,0.989599287509918
LSTM,35,8,loss,0.986926436424255
LSTM,35,9,loss,0.983866930007935
LSTM,35,10,loss,0.980014145374298
LSTM,35,11,loss,0.977007627487183
LSTM,36,1,loss,0.999031603336334
LSTM,36,2,loss,0.99802565574646
LSTM,36,3,loss,0.996612131595612
LSTM,36,4,loss,0.994883835315704
LSTM,36,5,loss,0.993293225765228
LSTM,36,6,loss,0.99184650182724
LSTM,36,7,loss,0.989066004753113
LSTM,36,8,loss,0.985543310642242
LSTM,36,9,loss,0.982694387435913
LSTM,36,10,loss,0.979083061218262
LSTM,37,1,loss,0.999093234539032
LSTM,37,2,loss,0.997955679893494
LSTM,37,3,loss,0.996399223804474
LSTM,37,4,loss,0.994394898414612
LSTM,37,5,loss,0.992278397083282
LSTM,37,6,loss,0.990972995758057
LSTM,37,7,loss,0.987252473831177
LSTM,37,8,loss,0.98427802324295
LSTM,37,9,loss,0.979933977127075
LSTM,37,10,loss,0.976933419704437
LSTM,37,11,loss,0.97207772731781
LSTM,37,12,loss,0.968271195888519
LSTM,38,1,loss,0.999302268028259
LSTM,38,2,loss,0.99788510799408
LSTM,38,3,loss,0.996219158172607
LSTM,38,4,loss,0.994782388210297
LSTM,38,5,loss,0.993524968624115
LSTM,38,6,loss,0.991549253463745
LSTM,38,7,loss,0.990033984184265
LSTM,38,8,loss,0.987804412841797
LSTM,38,9,loss,0.985325217247009
LSTM,38,10,loss,0.982797622680664
LSTM,38,11,loss,0.979310989379883
CNN,18,1,mean_absolute_error,0.962562561035156
CNN,18,2,mean_absolute_error,0.580940186977387
CNN,18,3,mean_absolute_error,0.583955824375153
CNN,18,4,mean_absolute_error,0.561647772789002
CNN,18,5,mean_absolute_error,0.567248702049255
CNN,18,6,mean_absolute_error,0.522241652011871
CNN,18,7,mean_absolute_error,0.632411599159241
CNN,18,8,mean_absolute_error,0.536663949489594
CNN,18,9,mean_absolute_error,0.544310688972473
CNN,18,10,mean_absolute_error,0.53522264957428
CNN,18,11,mean_absolute_error,0.576631307601929
CNN,18,12,mean_absolute_error,0.519911646842957
CNN,18,13,mean_absolute_error,0.636885941028595
CNN,18,14,mean_absolute_error,0.536590874195099
CNN,18,15,mean_absolute_error,0.546514570713043
CNN,19,1,mean_absolute_error,0.953278958797455
CNN,19,2,mean_absolute_error,0.548969447612763
CNN,19,3,mean_absolute_error,0.551483273506165
CNN,19,4,mean_absolute_error,0.547161102294922
CNN,19,5,mean_absolute_error,0.798724889755249
CNN,19,6,mean_absolute_error,0.543198585510254
CNN,19,7,mean_absolute_error,0.548891603946686
CNN,19,8,mean_absolute_error,0.517126262187958
CNN,19,9,mean_absolute_error,0.601053237915039
CNN,19,10,mean_absolute_error,0.525248408317566
CNN,19,11,mean_absolute_error,0.650025248527527
CNN,19,12,mean_absolute_error,0.524700164794922
CNN,19,13,mean_absolute_error,0.632062673568726
CNN,19,14,mean_absolute_error,0.523322880268097
CNN,19,15,mean_absolute_error,0.595405519008637
CNN,19,16,mean_absolute_error,0.52476841211319
CNN,19,17,mean_absolute_error,0.552279472351074
CNN,20,1,mean_absolute_error,0.814139366149902
CNN,20,2,mean_absolute_error,0.535558581352234
CNN,20,3,mean_absolute_error,0.556115448474884
CNN,20,4,mean_absolute_error,0.571929156780243
CNN,20,5,mean_absolute_error,0.524031043052673
CNN,20,6,mean_absolute_error,0.569883465766907
CNN,20,7,mean_absolute_error,0.553873240947723
CNN,20,8,mean_absolute_error,0.544382035732269
CNN,20,9,mean_absolute_error,0.691044807434082
CNN,20,10,mean_absolute_error,0.541039824485779
CNN,20,11,mean_absolute_error,0.536655306816101
CNN,20,12,mean_absolute_error,0.5437371134758
CNN,20,13,mean_absolute_error,0.558375000953674
CNN,20,14,mean_absolute_error,0.522027015686035
CNN,21,1,mean_absolute_error,0.762036144733429
CNN,21,2,mean_absolute_error,0.551397919654846
CNN,21,3,mean_absolute_error,0.53185760974884
CNN,21,4,mean_absolute_error,0.618008732795715
CNN,21,5,mean_absolute_error,0.51853209733963
CNN,21,6,mean_absolute_error,0.59552675485611
CNN,21,7,mean_absolute_error,0.522252798080444
CNN,21,8,mean_absolute_error,0.570195257663727
CNN,21,9,mean_absolute_error,0.532419502735138
CNN,21,10,mean_absolute_error,0.688283801078796
CNN,21,11,mean_absolute_error,0.544643104076386
CNN,21,12,mean_absolute_error,0.542141377925873
CNN,21,13,mean_absolute_error,0.625202834606171
CNN,21,14,mean_absolute_error,0.522613823413849
CNN,22,1,mean_absolute_error,0.960123181343079
CNN,22,2,mean_absolute_error,0.554196238517761
CNN,22,3,mean_absolute_error,0.6377272605896
CNN,22,4,mean_absolute_error,0.52276074886322
CNN,22,5,mean_absolute_error,0.539173901081085
CNN,22,6,mean_absolute_error,0.636667251586914
CNN,22,7,mean_absolute_error,0.522808611392975
CNN,22,8,mean_absolute_error,0.600228309631348
CNN,22,9,mean_absolute_error,0.525955080986023
CNN,22,10,mean_absolute_error,0.579947829246521
CNN,22,11,mean_absolute_error,0.528436660766602
CNN,22,12,mean_absolute_error,0.569224119186401
CNN,22,13,mean_absolute_error,0.52185320854187
CNN,22,14,mean_absolute_error,0.562299072742462
CNN,23,1,mean_absolute_error,0.830849885940552
CNN,23,2,mean_absolute_error,0.536441266536713
CNN,23,3,mean_absolute_error,0.534743905067444
CNN,23,4,mean_absolute_error,0.536719262599945
CNN,23,5,mean_absolute_error,0.571928143501282
CNN,23,6,mean_absolute_error,0.535038948059082
CNN,23,7,mean_absolute_error,0.584981143474579
CNN,23,8,mean_absolute_error,0.522812843322754
CNN,23,9,mean_absolute_error,1.00042748451233
CNN,23,10,mean_absolute_error,0.592293381690979
CNN,23,11,mean_absolute_error,0.537285923957825
CNN,23,12,mean_absolute_error,0.551803886890411
CNN,23,13,mean_absolute_error,0.522492945194244
CNN,24,1,mean_absolute_error,0.823740422725678
CNN,24,2,mean_absolute_error,0.560974895954132
CNN,24,3,mean_absolute_error,0.546888768672943
CNN,24,4,mean_absolute_error,0.545343220233917
CNN,24,5,mean_absolute_error,0.88397091627121
CNN,24,6,mean_absolute_error,0.54970246553421
CNN,24,7,mean_absolute_error,0.524578928947449
CNN,24,8,mean_absolute_error,0.709529578685761
CNN,24,9,mean_absolute_error,0.531067609786987
CNN,24,10,mean_absolute_error,0.68216210603714
CNN,24,11,mean_absolute_error,0.530943393707275
CNN,25,1,mean_absolute_error,0.795115470886231
CNN,25,2,mean_absolute_error,0.539213240146637
CNN,25,3,mean_absolute_error,0.573196589946747
CNN,25,4,mean_absolute_error,0.556893169879913
CNN,25,5,mean_absolute_error,0.523995220661163
CNN,25,6,mean_absolute_error,0.606530547142029
CNN,25,7,mean_absolute_error,0.52160382270813
CNN,25,8,mean_absolute_error,0.8617924451828
CNN,25,9,mean_absolute_error,0.546421468257904
CNN,25,10,mean_absolute_error,0.530448436737061
CNN,25,11,mean_absolute_error,0.551084995269775
CNN,25,12,mean_absolute_error,0.532442688941956
CNN,25,13,mean_absolute_error,0.702378034591675
CNN,25,14,mean_absolute_error,0.538738429546356
CNN,26,1,mean_absolute_error,0.832620441913605
CNN,26,2,mean_absolute_error,0.530281782150269
CNN,26,3,mean_absolute_error,0.536234140396118
CNN,26,4,mean_absolute_error,0.882942914962769
CNN,26,5,mean_absolute_error,0.615518689155579
CNN,26,6,mean_absolute_error,0.54021829366684
CNN,26,7,mean_absolute_error,0.67148220539093
CNN,26,8,mean_absolute_error,0.526970982551575
CNN,26,9,mean_absolute_error,0.604841232299805
CNN,26,10,mean_absolute_error,0.5220667719841
CNN,26,11,mean_absolute_error,0.815945029258728
CNN,27,1,mean_absolute_error,1.35106337070465
CNN,27,2,mean_absolute_error,0.581980526447296
CNN,27,3,mean_absolute_error,0.583274722099304
CNN,27,4,mean_absolute_error,0.772412836551666
CNN,27,5,mean_absolute_error,0.571796894073486
CNN,27,6,mean_absolute_error,0.539559304714203
CNN,27,7,mean_absolute_error,0.61755245923996
CNN,27,8,mean_absolute_error,0.546978652477264
CNN,27,9,mean_absolute_error,0.558019101619721
CNN,27,10,mean_absolute_error,0.823320388793945
CNN,27,11,mean_absolute_error,0.537023961544037
CNN,27,12,mean_absolute_error,0.5239577293396
CNN,27,13,mean_absolute_error,0.650569498538971
CNN,27,14,mean_absolute_error,0.529132783412933
CNN,27,15,mean_absolute_error,0.680058360099793
CNN,28,1,mean_absolute_error,0.751738607883453
CNN,28,2,mean_absolute_error,0.54592090845108
CNN,28,3,mean_absolute_error,0.524440050125122
CNN,28,4,mean_absolute_error,0.820664703845978
CNN,28,5,mean_absolute_error,0.578596651554108
CNN,28,6,mean_absolute_error,0.526953220367432
CNN,28,7,mean_absolute_error,0.940651416778564
CNN,28,8,mean_absolute_error,0.542056798934937
CNN,28,9,mean_absolute_error,0.534311830997467
CNN,28,10,mean_absolute_error,0.548016250133514
CNN,28,11,mean_absolute_error,0.592912614345551
CNN,28,12,mean_absolute_error,0.565035700798035
CNN,29,1,mean_absolute_error,1.66230809688568
CNN,29,2,mean_absolute_error,0.68797093629837
CNN,29,3,mean_absolute_error,0.684789776802063
CNN,29,4,mean_absolute_error,0.592392265796661
CNN,29,5,mean_absolute_error,0.543060958385468
CNN,29,6,mean_absolute_error,0.616958618164063
CNN,29,7,mean_absolute_error,0.542744576931
CNN,29,8,mean_absolute_error,0.580102384090424
CNN,29,9,mean_absolute_error,0.581006288528442
CNN,29,10,mean_absolute_error,0.533051431179047
CNN,29,11,mean_absolute_error,0.917706668376923
CNN,29,12,mean_absolute_error,0.559729933738709
CNN,29,13,mean_absolute_error,0.531073749065399
CNN,29,14,mean_absolute_error,0.538712024688721
CNN,29,15,mean_absolute_error,0.586948812007904
CNN,29,16,mean_absolute_error,0.54792457818985
CNN,30,1,mean_absolute_error,0.986046969890594
CNN,30,2,mean_absolute_error,0.575197994709015
CNN,30,3,mean_absolute_error,0.582232534885407
CNN,30,4,mean_absolute_error,0.605237245559692
CNN,30,5,mean_absolute_error,0.550544261932373
CNN,30,6,mean_absolute_error,0.608367145061493
CNN,30,7,mean_absolute_error,0.556548953056335
CNN,30,8,mean_absolute_error,0.590017914772034
CNN,30,9,mean_absolute_error,0.967321276664734
CNN,30,10,mean_absolute_error,0.564831614494324
CNN,30,11,mean_absolute_error,0.545091152191162
CNN,30,12,mean_absolute_error,0.544297277927399
CNN,30,13,mean_absolute_error,0.624641418457031
CNN,30,14,mean_absolute_error,0.523509383201599
CNN,31,1,mean_absolute_error,1.11505198478699
CNN,31,2,mean_absolute_error,0.581352353096008
CNN,31,3,mean_absolute_error,0.580323219299316
CNN,31,4,mean_absolute_error,0.616744756698608
CNN,31,5,mean_absolute_error,0.537319004535675
CNN,31,6,mean_absolute_error,0.645410776138306
CNN,31,7,mean_absolute_error,0.546472907066345
CNN,31,8,mean_absolute_error,0.628120183944702
CNN,31,9,mean_absolute_error,0.531089007854462
CNN,31,10,mean_absolute_error,1.08596193790436
CNN,31,11,mean_absolute_error,0.587862849235535
CNN,31,12,mean_absolute_error,0.541614711284638
CNN,31,13,mean_absolute_error,0.555199921131134
CNN,31,14,mean_absolute_error,0.729098677635193
CNN,32,1,mean_absolute_error,0.993265330791473
CNN,32,2,mean_absolute_error,0.586929857730866
CNN,32,3,mean_absolute_error,0.550612032413483
CNN,32,4,mean_absolute_error,0.614104092121124
CNN,32,5,mean_absolute_error,0.547833800315857
CNN,32,6,mean_absolute_error,0.744387686252594
CNN,32,7,mean_absolute_error,0.573694884777069
CNN,32,8,mean_absolute_error,0.544322371482849
CNN,32,9,mean_absolute_error,0.952442586421967
CNN,32,10,mean_absolute_error,0.586920380592346
CNN,32,11,mean_absolute_error,0.531485736370087
CNN,32,12,mean_absolute_error,0.536337554454804
CNN,32,13,mean_absolute_error,0.603379666805267
CNN,32,14,mean_absolute_error,0.53587806224823
CNN,33,1,mean_absolute_error,1.16187262535095
CNN,33,2,mean_absolute_error,0.587302327156067
CNN,33,3,mean_absolute_error,0.604449987411499
CNN,33,4,mean_absolute_error,0.539537370204926
CNN,33,5,mean_absolute_error,0.677230834960938
CNN,33,6,mean_absolute_error,0.526260614395142
CNN,33,7,mean_absolute_error,0.58308732509613
CNN,33,8,mean_absolute_error,0.558624863624573
CNN,33,9,mean_absolute_error,0.566653549671173
CNN,33,10,mean_absolute_error,0.923406839370728
CNN,33,11,mean_absolute_error,0.578860759735107
CNN,33,12,mean_absolute_error,0.535962522029877
CNN,33,13,mean_absolute_error,0.590831339359283
CNN,33,14,mean_absolute_error,0.551692306995392
CNN,33,15,mean_absolute_error,0.914557456970215
CNN,34,1,mean_absolute_error,1.45650184154511
CNN,34,2,mean_absolute_error,0.664243042469025
CNN,34,3,mean_absolute_error,0.589595854282379
CNN,34,4,mean_absolute_error,0.568043828010559
CNN,34,5,mean_absolute_error,0.674621820449829
CNN,34,6,mean_absolute_error,0.552490949630737
CNN,34,7,mean_absolute_error,0.577871143817902
CNN,34,8,mean_absolute_error,0.603191137313843
CNN,34,9,mean_absolute_error,0.525594174861908
CNN,34,10,mean_absolute_error,1.15418934822083
CNN,34,11,mean_absolute_error,0.595261514186859
CNN,34,12,mean_absolute_error,0.546764373779297
CNN,34,13,mean_absolute_error,0.554007172584534
CNN,34,14,mean_absolute_error,0.637479305267334
CNN,34,15,mean_absolute_error,0.526884734630585
CNN,35,1,mean_absolute_error,1.43183887004852
CNN,35,2,mean_absolute_error,0.677693486213684
CNN,35,3,mean_absolute_error,0.596284568309784
CNN,35,4,mean_absolute_error,0.565167009830475
CNN,35,5,mean_absolute_error,0.803196609020233
CNN,35,6,mean_absolute_error,0.567434251308441
CNN,35,7,mean_absolute_error,0.546446144580841
CNN,35,8,mean_absolute_error,0.751167356967926
CNN,35,9,mean_absolute_error,0.560090720653534
CNN,35,10,mean_absolute_error,0.576715350151062
CNN,35,11,mean_absolute_error,0.561962127685547
CNN,35,12,mean_absolute_error,0.605366706848145
CNN,35,13,mean_absolute_error,0.563343644142151
CNN,36,1,mean_absolute_error,1.02699398994446
CNN,36,2,mean_absolute_error,0.551935315132141
CNN,36,3,mean_absolute_error,0.708857774734497
CNN,36,4,mean_absolute_error,0.539998114109039
CNN,36,5,mean_absolute_error,0.54851245880127
CNN,36,6,mean_absolute_error,0.707919061183929
CNN,36,7,mean_absolute_error,0.53291517496109
CNN,36,8,mean_absolute_error,0.590178430080414
CNN,36,9,mean_absolute_error,0.851761043071747
CNN,36,10,mean_absolute_error,0.769829392433167
CNN,36,11,mean_absolute_error,0.5407994389534
CNN,36,12,mean_absolute_error,0.648027062416077
CNN,36,13,mean_absolute_error,0.529419720172882
CNN,37,1,mean_absolute_error,1.19065058231354
CNN,37,2,mean_absolute_error,0.593868970870972
CNN,37,3,mean_absolute_error,0.606527984142304
CNN,37,4,mean_absolute_error,0.542764127254486
CNN,37,5,mean_absolute_error,1.1761679649353
CNN,37,6,mean_absolute_error,0.671028077602387
CNN,37,7,mean_absolute_error,0.576368808746338
CNN,37,8,mean_absolute_error,0.633375942707062
CNN,37,9,mean_absolute_error,0.631377995014191
CNN,37,10,mean_absolute_error,0.553950965404511
CNN,37,11,mean_absolute_error,0.624738454818726
CNN,37,12,mean_absolute_error,0.561951756477356
CNN,37,13,mean_absolute_error,0.548820436000824
CNN,38,1,mean_absolute_error,0.861923098564148
CNN,38,2,mean_absolute_error,0.555777072906494
CNN,38,3,mean_absolute_error,0.533244490623474
CNN,38,4,mean_absolute_error,1.18430233001709
CNN,38,5,mean_absolute_error,0.618216693401337
CNN,38,6,mean_absolute_error,0.544009625911713
CNN,38,7,mean_absolute_error,0.611435115337372
CNN,38,8,mean_absolute_error,0.557791769504547
CNN,38,9,mean_absolute_error,0.992384672164917
CNN,38,10,mean_absolute_error,0.665607929229736
CNN,38,11,mean_absolute_error,0.544020056724548
CNN,38,12,mean_absolute_error,0.575010776519775
LSTM,18,1,mean_absolute_error,0.506430983543396
LSTM,18,2,mean_absolute_error,0.507404565811157
LSTM,18,3,mean_absolute_error,0.508382081985474
LSTM,18,4,mean_absolute_error,0.509300589561462
LSTM,18,5,mean_absolute_error,0.510048985481262
LSTM,18,6,mean_absolute_error,0.510697603225708
LSTM,18,7,mean_absolute_error,0.511516094207764
LSTM,18,8,mean_absolute_error,0.512559175491333
LSTM,18,9,mean_absolute_error,0.513152360916138
LSTM,18,10,mean_absolute_error,0.513482630252838
LSTM,19,1,mean_absolute_error,0.506651699542999
LSTM,19,2,mean_absolute_error,0.507400572299957
LSTM,19,3,mean_absolute_error,0.508158981800079
LSTM,19,4,mean_absolute_error,0.508908748626709
LSTM,19,5,mean_absolute_error,0.509681761264801
LSTM,19,6,mean_absolute_error,0.510150492191315
LSTM,19,7,mean_absolute_error,0.51053512096405
LSTM,19,8,mean_absolute_error,0.511323928833008
LSTM,19,9,mean_absolute_error,0.512001276016235
LSTM,19,10,mean_absolute_error,0.512198984622955
LSTM,19,11,mean_absolute_error,0.512521624565125
LSTM,20,1,mean_absolute_error,0.506458520889282
LSTM,20,2,mean_absolute_error,0.507701098918915
LSTM,20,3,mean_absolute_error,0.508655190467835
LSTM,20,4,mean_absolute_error,0.509328126907349
LSTM,20,5,mean_absolute_error,0.510088860988617
LSTM,20,6,mean_absolute_error,0.510924398899078
LSTM,20,7,mean_absolute_error,0.511678755283356
LSTM,20,8,mean_absolute_error,0.512506544589996
LSTM,20,9,mean_absolute_error,0.513278841972351
LSTM,20,10,mean_absolute_error,0.513951003551483
LSTM,21,1,mean_absolute_error,0.506614565849304
LSTM,21,2,mean_absolute_error,0.507604122161865
LSTM,21,3,mean_absolute_error,0.508430898189545
LSTM,21,4,mean_absolute_error,0.509056270122528
LSTM,21,5,mean_absolute_error,0.509729564189911
LSTM,21,6,mean_absolute_error,0.510394632816315
LSTM,21,7,mean_absolute_error,0.511108100414276
LSTM,21,8,mean_absolute_error,0.511523962020874
LSTM,21,9,mean_absolute_error,0.512030899524689
LSTM,21,10,mean_absolute_error,0.512165069580078
LSTM,21,11,mean_absolute_error,0.512371301651001
LSTM,22,1,mean_absolute_error,0.506584823131561
LSTM,22,2,mean_absolute_error,0.507559359073639
LSTM,22,3,mean_absolute_error,0.508364140987396
LSTM,22,4,mean_absolute_error,0.509226381778717
LSTM,22,5,mean_absolute_error,0.510050475597382
LSTM,22,6,mean_absolute_error,0.510767221450806
LSTM,22,7,mean_absolute_error,0.511330664157867
LSTM,22,8,mean_absolute_error,0.511608421802521
LSTM,22,9,mean_absolute_error,0.511818468570709
LSTM,22,10,mean_absolute_error,0.511901199817658
LSTM,23,1,mean_absolute_error,0.506506562232971
LSTM,23,2,mean_absolute_error,0.507378280162811
LSTM,23,3,mean_absolute_error,0.508504450321198
LSTM,23,4,mean_absolute_error,0.509440302848816
LSTM,23,5,mean_absolute_error,0.510444164276123
LSTM,23,6,mean_absolute_error,0.511328279972076
LSTM,23,7,mean_absolute_error,0.511860966682434
LSTM,23,8,mean_absolute_error,0.512329161167145
LSTM,23,9,mean_absolute_error,0.512745141983032
LSTM,23,10,mean_absolute_error,0.513395130634308
LSTM,23,11,mean_absolute_error,0.513745725154877
LSTM,24,1,mean_absolute_error,0.506560504436493
LSTM,24,2,mean_absolute_error,0.5074542760849
LSTM,24,3,mean_absolute_error,0.508695900440216
LSTM,24,4,mean_absolute_error,0.509354054927826
LSTM,24,5,mean_absolute_error,0.510333955287933
LSTM,24,6,mean_absolute_error,0.511194705963135
LSTM,24,7,mean_absolute_error,0.511890590190888
LSTM,24,8,mean_absolute_error,0.512597799301148
LSTM,24,9,mean_absolute_error,0.513051211833954
LSTM,24,10,mean_absolute_error,0.513374626636505
LSTM,24,11,mean_absolute_error,0.513684451580048
LSTM,25,1,mean_absolute_error,0.506703197956085
LSTM,25,2,mean_absolute_error,0.507663488388062
LSTM,25,3,mean_absolute_error,0.508385002613068
LSTM,25,4,mean_absolute_error,0.509234249591827
LSTM,25,5,mean_absolute_error,0.51013195514679
LSTM,25,6,mean_absolute_error,0.510604441165924
LSTM,25,7,mean_absolute_error,0.511510133743286
LSTM,25,8,mean_absolute_error,0.512531816959381
LSTM,25,9,mean_absolute_error,0.5131516456604
LSTM,25,10,mean_absolute_error,0.513637483119965
LSTM,25,11,mean_absolute_error,0.514120101928711
LSTM,26,1,mean_absolute_error,0.506596565246582
LSTM,26,2,mean_absolute_error,0.507797002792358
LSTM,26,3,mean_absolute_error,0.508624017238617
LSTM,26,4,mean_absolute_error,0.509276986122131
LSTM,26,5,mean_absolute_error,0.509982466697693
LSTM,26,6,mean_absolute_error,0.510647118091583
LSTM,26,7,mean_absolute_error,0.511116623878479
LSTM,26,8,mean_absolute_error,0.511779844760895
LSTM,26,9,mean_absolute_error,0.512235283851624
LSTM,26,10,mean_absolute_error,0.5126993060112
LSTM,27,1,mean_absolute_error,0.506603181362152
LSTM,27,2,mean_absolute_error,0.507620632648468
LSTM,27,3,mean_absolute_error,0.508137285709381
LSTM,27,4,mean_absolute_error,0.508665382862091
LSTM,27,5,mean_absolute_error,0.509336471557617
LSTM,27,6,mean_absolute_error,0.509981691837311
LSTM,27,7,mean_absolute_error,0.510595440864563
LSTM,27,8,mean_absolute_error,0.51153975725174
LSTM,27,9,mean_absolute_error,0.512114703655243
LSTM,27,10,mean_absolute_error,0.512981832027435
LSTM,28,1,mean_absolute_error,0.506729006767273
LSTM,28,2,mean_absolute_error,0.507496297359467
LSTM,28,3,mean_absolute_error,0.508350789546967
LSTM,28,4,mean_absolute_error,0.509093284606934
LSTM,28,5,mean_absolute_error,0.509886085987091
LSTM,28,6,mean_absolute_error,0.510497450828552
LSTM,28,7,mean_absolute_error,0.511134028434753
LSTM,28,8,mean_absolute_error,0.511963486671448
LSTM,28,9,mean_absolute_error,0.512257933616638
LSTM,28,10,mean_absolute_error,0.512892425060272
LSTM,28,11,mean_absolute_error,0.513608992099762
LSTM,29,1,mean_absolute_error,0.506671249866486
LSTM,29,2,mean_absolute_error,0.507595777511597
LSTM,29,3,mean_absolute_error,0.508415937423706
LSTM,29,4,mean_absolute_error,0.509131371974945
LSTM,29,5,mean_absolute_error,0.509767115116119
LSTM,29,6,mean_absolute_error,0.510640919208527
LSTM,29,7,mean_absolute_error,0.51137638092041
LSTM,29,8,mean_absolute_error,0.512189507484436
LSTM,29,9,mean_absolute_error,0.51280689239502
LSTM,29,10,mean_absolute_error,0.512944519519806
LSTM,29,11,mean_absolute_error,0.513392686843872
LSTM,30,1,mean_absolute_error,0.506720006465912
LSTM,30,2,mean_absolute_error,0.507633209228516
LSTM,30,3,mean_absolute_error,0.508363425731659
LSTM,30,4,mean_absolute_error,0.509076416492462
LSTM,30,5,mean_absolute_error,0.509700655937195
LSTM,30,6,mean_absolute_error,0.510174632072449
LSTM,30,7,mean_absolute_error,0.510773122310638
LSTM,30,8,mean_absolute_error,0.511470913887024
LSTM,30,9,mean_absolute_error,0.512048184871674
LSTM,30,10,mean_absolute_error,0.512592315673828
LSTM,30,11,mean_absolute_error,0.513408839702606
LSTM,31,1,mean_absolute_error,0.506712555885315
LSTM,31,2,mean_absolute_error,0.507542014122009
LSTM,31,3,mean_absolute_error,0.50832599401474
LSTM,31,4,mean_absolute_error,0.509049236774445
LSTM,31,5,mean_absolute_error,0.509987354278565
LSTM,31,6,mean_absolute_error,0.510698914527893
LSTM,31,7,mean_absolute_error,0.511357069015503
LSTM,31,8,mean_absolute_error,0.511596739292145
LSTM,31,9,mean_absolute_error,0.512425661087036
LSTM,31,10,mean_absolute_error,0.51278829574585
LSTM,31,11,mean_absolute_error,0.513262748718262
LSTM,32,1,mean_absolute_error,0.50665146112442
LSTM,32,2,mean_absolute_error,0.507440567016602
LSTM,32,3,mean_absolute_error,0.508501946926117
LSTM,32,4,mean_absolute_error,0.509092628955841
LSTM,32,5,mean_absolute_error,0.509800434112549
LSTM,32,6,mean_absolute_error,0.510574162006378
LSTM,32,7,mean_absolute_error,0.511120498180389
LSTM,32,8,mean_absolute_error,0.511940598487854
LSTM,32,9,mean_absolute_error,0.51255077123642
LSTM,32,10,mean_absolute_error,0.513033926486969
LSTM,33,1,mean_absolute_error,0.506313502788544
LSTM,33,2,mean_absolute_error,0.507611513137817
LSTM,33,3,mean_absolute_error,0.508048892021179
LSTM,33,4,mean_absolute_error,0.508982360363007
LSTM,33,5,mean_absolute_error,0.509618401527405
LSTM,33,6,mean_absolute_error,0.509993135929108
LSTM,33,7,mean_absolute_error,0.510569036006928
LSTM,33,8,mean_absolute_error,0.51086550951004
LSTM,33,9,mean_absolute_error,0.511496484279633
LSTM,33,10,mean_absolute_error,0.512394547462463
LSTM,33,11,mean_absolute_error,0.512786328792572
LSTM,34,1,mean_absolute_error,0.506629109382629
LSTM,34,2,mean_absolute_error,0.507593154907227
LSTM,34,3,mean_absolute_error,0.508358657360077
LSTM,34,4,mean_absolute_error,0.509008228778839
LSTM,34,5,mean_absolute_error,0.509515821933746
LSTM,34,6,mean_absolute_error,0.510287821292877
LSTM,34,7,mean_absolute_error,0.510995984077454
LSTM,34,8,mean_absolute_error,0.511685192584992
LSTM,34,9,mean_absolute_error,0.512230098247528
LSTM,34,10,mean_absolute_error,0.512793600559235
LSTM,35,1,mean_absolute_error,0.506828844547272
LSTM,35,2,mean_absolute_error,0.507659792900085
LSTM,35,3,mean_absolute_error,0.508105397224426
LSTM,35,4,mean_absolute_error,0.508939683437347
LSTM,35,5,mean_absolute_error,0.509703397750855
LSTM,35,6,mean_absolute_error,0.509992897510529
LSTM,35,7,mean_absolute_error,0.510757863521576
LSTM,35,8,mean_absolute_error,0.511719703674316
LSTM,35,9,mean_absolute_error,0.512145638465881
LSTM,35,10,mean_absolute_error,0.512527644634247
LSTM,35,11,mean_absolute_error,0.513149440288544
LSTM,36,1,mean_absolute_error,0.506857097148895
LSTM,36,2,mean_absolute_error,0.507634997367859
LSTM,36,3,mean_absolute_error,0.508390545845032
LSTM,36,4,mean_absolute_error,0.508948385715485
LSTM,36,5,mean_absolute_error,0.509456872940064
LSTM,36,6,mean_absolute_error,0.510231018066406
LSTM,36,7,mean_absolute_error,0.510788142681122
LSTM,36,8,mean_absolute_error,0.511303544044495
LSTM,36,9,mean_absolute_error,0.511790812015533
LSTM,36,10,mean_absolute_error,0.511769652366638
LSTM,37,1,mean_absolute_error,0.506810426712036
LSTM,37,2,mean_absolute_error,0.507689774036408
LSTM,37,3,mean_absolute_error,0.50830751657486
LSTM,37,4,mean_absolute_error,0.509390592575073
LSTM,37,5,mean_absolute_error,0.510458469390869
LSTM,37,6,mean_absolute_error,0.510933101177216
LSTM,37,7,mean_absolute_error,0.511756300926209
LSTM,37,8,mean_absolute_error,0.512502133846283
LSTM,37,9,mean_absolute_error,0.513129949569702
LSTM,37,10,mean_absolute_error,0.513570249080658
LSTM,37,11,mean_absolute_error,0.51333624124527
LSTM,37,12,mean_absolute_error,0.514002323150635
LSTM,38,1,mean_absolute_error,0.506695151329041
LSTM,38,2,mean_absolute_error,0.507673263549805
LSTM,38,3,mean_absolute_error,0.508499145507813
LSTM,38,4,mean_absolute_error,0.509151875972748
LSTM,38,5,mean_absolute_error,0.509681820869446
LSTM,38,6,mean_absolute_error,0.510078370571137
LSTM,38,7,mean_absolute_error,0.510471880435944
LSTM,38,8,mean_absolute_error,0.511061429977417
LSTM,38,9,mean_absolute_error,0.511547327041626
LSTM,38,10,mean_absolute_error,0.512349009513855
LSTM,38,11,mean_absolute_error,0.512976229190826
CNN,18,1,val_loss,0.567085087299347
CNN,18,2,val_loss,0.556782841682434
CNN,18,3,val_loss,0.589059472084045
CNN,18,4,val_loss,0.545083343982697
CNN,18,5,val_loss,0.533088386058807
CNN,18,6,val_loss,0.527068078517914
CNN,18,7,val_loss,0.612316608428955
CNN,18,8,val_loss,0.543249845504761
CNN,18,9,val_loss,0.533144474029541
CNN,18,10,val_loss,0.532916963100433
CNN,18,11,val_loss,0.550338983535767
CNN,18,12,val_loss,0.536463260650635
CNN,18,13,val_loss,1.08441603183746
CNN,18,14,val_loss,0.554372191429138
CNN,18,15,val_loss,0.545275270938873
CNN,19,1,val_loss,0.556815087795258
CNN,19,2,val_loss,0.535411834716797
CNN,19,3,val_loss,0.552738726139069
CNN,19,4,val_loss,0.536937415599823
CNN,19,5,val_loss,1.44504928588867
CNN,19,6,val_loss,0.540110349655151
CNN,19,7,val_loss,0.53729784488678
CNN,19,8,val_loss,0.528894305229187
CNN,19,9,val_loss,0.554339945316315
CNN,19,10,val_loss,0.532869756221771
CNN,19,11,val_loss,0.575985193252564
CNN,19,12,val_loss,0.537669599056244
CNN,19,13,val_loss,0.572526812553406
CNN,19,14,val_loss,0.538728058338165
CNN,19,15,val_loss,0.569253981113434
CNN,19,16,val_loss,0.541497230529785
CNN,19,17,val_loss,0.545416712760925
CNN,20,1,val_loss,0.569228053092957
CNN,20,2,val_loss,0.534713268280029
CNN,20,3,val_loss,0.53361976146698
CNN,20,4,val_loss,0.53258204460144
CNN,20,5,val_loss,0.528504610061646
CNN,20,6,val_loss,0.537729263305664
CNN,20,7,val_loss,0.556288421154022
CNN,20,8,val_loss,0.539067149162293
CNN,20,9,val_loss,0.768790602684021
CNN,20,10,val_loss,0.541982650756836
CNN,20,11,val_loss,0.5404292345047
CNN,20,12,val_loss,0.540119767189026
CNN,20,13,val_loss,0.546589016914368
CNN,20,14,val_loss,0.539084136486054
CNN,21,1,val_loss,0.54537957906723
CNN,21,2,val_loss,0.535693347454071
CNN,21,3,val_loss,0.529823839664459
CNN,21,4,val_loss,0.537111282348633
CNN,21,5,val_loss,0.524848341941834
CNN,21,6,val_loss,0.573141515254974
CNN,21,7,val_loss,0.534680664539337
CNN,21,8,val_loss,0.555262923240662
CNN,21,9,val_loss,0.535687506198883
CNN,21,10,val_loss,0.85767674446106
CNN,21,11,val_loss,0.544636964797974
CNN,21,12,val_loss,0.5388503074646
CNN,21,13,val_loss,0.565161466598511
CNN,21,14,val_loss,0.543384552001953
CNN,22,1,val_loss,0.592919528484345
CNN,22,2,val_loss,0.543407320976257
CNN,22,3,val_loss,0.572906494140625
CNN,22,4,val_loss,0.533429443836212
CNN,22,5,val_loss,0.528850197792053
CNN,22,6,val_loss,0.587554574012756
CNN,22,7,val_loss,0.536566078662872
CNN,22,8,val_loss,0.54403030872345
CNN,22,9,val_loss,0.540899455547333
CNN,22,10,val_loss,0.548309624195099
CNN,22,11,val_loss,0.537293612957001
CNN,22,12,val_loss,0.550935924053192
CNN,22,13,val_loss,0.539949715137482
CNN,22,14,val_loss,0.553705632686615
CNN,23,1,val_loss,0.545814275741577
CNN,23,2,val_loss,0.534360766410828
CNN,23,3,val_loss,0.5292609333992
CNN,23,4,val_loss,0.528093993663788
CNN,23,5,val_loss,0.544215440750122
CNN,23,6,val_loss,0.534042358398438
CNN,23,7,val_loss,0.54284930229187
CNN,23,8,val_loss,0.531614720821381
CNN,23,9,val_loss,2.13469004631042
CNN,23,10,val_loss,1.10840046405792
CNN,23,11,val_loss,0.553725838661194
CNN,23,12,val_loss,0.548196256160736
CNN,23,13,val_loss,0.538856685161591
CNN,24,1,val_loss,0.561558127403259
CNN,24,2,val_loss,0.530888676643372
CNN,24,3,val_loss,0.534883379936218
CNN,24,4,val_loss,0.531381249427795
CNN,24,5,val_loss,0.653473377227783
CNN,24,6,val_loss,0.555431842803955
CNN,24,7,val_loss,0.531640231609345
CNN,24,8,val_loss,0.594633460044861
CNN,24,9,val_loss,0.536045551300049
CNN,24,10,val_loss,0.583459675312042
CNN,24,11,val_loss,0.536932826042175
CNN,25,1,val_loss,0.538473606109619
CNN,25,2,val_loss,0.527726769447327
CNN,25,3,val_loss,0.539158880710602
CNN,25,4,val_loss,0.532594442367554
CNN,25,5,val_loss,0.526189565658569
CNN,25,6,val_loss,0.543558895587921
CNN,25,7,val_loss,0.529355704784393
CNN,25,8,val_loss,0.612626612186432
CNN,25,9,val_loss,0.552867889404297
CNN,25,10,val_loss,0.541380643844605
CNN,25,11,val_loss,0.539833903312683
CNN,25,12,val_loss,0.55926775932312
CNN,25,13,val_loss,0.629126965999603
CNN,25,14,val_loss,0.552528202533722
CNN,26,1,val_loss,0.547436118125916
CNN,26,2,val_loss,0.526908993721008
CNN,26,3,val_loss,0.528341054916382
CNN,26,4,val_loss,6.57790327072144
CNN,26,5,val_loss,0.559687614440918
CNN,26,6,val_loss,0.564190328121185
CNN,26,7,val_loss,0.578399062156677
CNN,26,8,val_loss,0.531539857387543
CNN,26,9,val_loss,0.553375363349915
CNN,26,10,val_loss,0.533445477485657
CNN,26,11,val_loss,0.672339618206024
CNN,27,1,val_loss,0.628749132156372
CNN,27,2,val_loss,0.551872551441193
CNN,27,3,val_loss,0.561597466468811
CNN,27,4,val_loss,0.882682740688324
CNN,27,5,val_loss,0.54111784696579
CNN,27,6,val_loss,0.531878769397736
CNN,27,7,val_loss,0.547684133052826
CNN,27,8,val_loss,0.552198648452759
CNN,27,9,val_loss,0.542665362358093
CNN,27,10,val_loss,0.825812697410584
CNN,27,11,val_loss,0.560632050037384
CNN,27,12,val_loss,0.542776823043823
CNN,27,13,val_loss,0.682753205299377
CNN,27,14,val_loss,0.547090232372284
CNN,27,15,val_loss,0.595875859260559
CNN,28,1,val_loss,0.547761857509613
CNN,28,2,val_loss,0.530488431453705
CNN,28,3,val_loss,0.528018236160278
CNN,28,4,val_loss,0.903752863407135
CNN,28,5,val_loss,0.562344670295715
CNN,28,6,val_loss,0.532931268215179
CNN,28,7,val_loss,0.625930905342102
CNN,28,8,val_loss,0.551839053630829
CNN,28,9,val_loss,0.541535317897797
CNN,28,10,val_loss,0.546955585479736
CNN,28,11,val_loss,0.562341392040253
CNN,28,12,val_loss,0.563825368881226
CNN,29,1,val_loss,0.819058358669281
CNN,29,2,val_loss,0.574902594089508
CNN,29,3,val_loss,0.65290367603302
CNN,29,4,val_loss,0.569658219814301
CNN,29,5,val_loss,0.548592567443848
CNN,29,6,val_loss,0.796814441680908
CNN,29,7,val_loss,0.535305261611939
CNN,29,8,val_loss,0.543238520622253
CNN,29,9,val_loss,0.542948722839356
CNN,29,10,val_loss,0.552481651306152
CNN,29,11,val_loss,0.798016905784607
CNN,29,12,val_loss,0.561656773090363
CNN,29,13,val_loss,0.548809707164764
CNN,29,14,val_loss,0.547948241233826
CNN,29,15,val_loss,0.581587612628937
CNN,29,16,val_loss,0.55864429473877
CNN,30,1,val_loss,0.60280054807663
CNN,30,2,val_loss,0.547357499599457
CNN,30,3,val_loss,0.534619450569153
CNN,30,4,val_loss,0.533836424350739
CNN,30,5,val_loss,0.531965911388397
CNN,30,6,val_loss,0.649687111377716
CNN,30,7,val_loss,0.539859771728516
CNN,30,8,val_loss,0.555255651473999
CNN,30,9,val_loss,1.04303348064423
CNN,30,10,val_loss,0.571901798248291
CNN,30,11,val_loss,0.550723135471344
CNN,30,12,val_loss,0.551780581474304
CNN,30,13,val_loss,0.597952902317047
CNN,30,14,val_loss,0.547269821166992
CNN,31,1,val_loss,0.590031862258911
CNN,31,2,val_loss,0.550336956977844
CNN,31,3,val_loss,0.552872955799103
CNN,31,4,val_loss,1.57384705543518
CNN,31,5,val_loss,0.530095934867859
CNN,31,6,val_loss,0.730721294879913
CNN,31,7,val_loss,0.539056241512299
CNN,31,8,val_loss,0.596583008766174
CNN,31,9,val_loss,0.535574495792389
CNN,31,10,val_loss,3.72939085960388
CNN,31,11,val_loss,0.787081301212311
CNN,31,12,val_loss,0.563129484653473
CNN,31,13,val_loss,0.555585622787476
CNN,31,14,val_loss,0.674067974090576
CNN,32,1,val_loss,0.630819201469421
CNN,32,2,val_loss,0.542619407176971
CNN,32,3,val_loss,0.530314087867737
CNN,32,4,val_loss,0.575588881969452
CNN,32,5,val_loss,0.529804468154907
CNN,32,6,val_loss,3.31764698028564
CNN,32,7,val_loss,0.563061237335205
CNN,32,8,val_loss,0.531189680099487
CNN,32,9,val_loss,3.27157855033875
CNN,32,10,val_loss,0.561743021011353
CNN,32,11,val_loss,0.551857948303223
CNN,32,12,val_loss,0.54952746629715
CNN,32,13,val_loss,0.556977033615112
CNN,32,14,val_loss,0.546324253082275
CNN,33,1,val_loss,0.62367844581604
CNN,33,2,val_loss,0.554856777191162
CNN,33,3,val_loss,0.546235263347626
CNN,33,4,val_loss,0.536925613880158
CNN,33,5,val_loss,0.572304308414459
CNN,33,6,val_loss,0.531293630599976
CNN,33,7,val_loss,0.542769610881805
CNN,33,8,val_loss,0.54414027929306
CNN,33,9,val_loss,0.553531527519226
CNN,33,10,val_loss,1.10804319381714
CNN,33,11,val_loss,0.583874821662903
CNN,33,12,val_loss,0.550359964370728
CNN,33,13,val_loss,0.571881830692291
CNN,33,14,val_loss,0.574844300746918
CNN,33,15,val_loss,1.06993412971497
CNN,34,1,val_loss,0.642767071723938
CNN,34,2,val_loss,0.563742101192474
CNN,34,3,val_loss,0.547279953956604
CNN,34,4,val_loss,0.540686428546906
CNN,34,5,val_loss,0.869660019874573
CNN,34,6,val_loss,0.534598827362061
CNN,34,7,val_loss,0.54340785741806
CNN,34,8,val_loss,0.57171505689621
CNN,34,9,val_loss,0.536005973815918
CNN,34,10,val_loss,1.22291362285614
CNN,34,11,val_loss,0.644499003887177
CNN,34,12,val_loss,0.558277785778046
CNN,34,13,val_loss,0.552254557609558
CNN,34,14,val_loss,0.58568412065506
CNN,34,15,val_loss,0.555572628974915
CNN,35,1,val_loss,0.773270726203919
CNN,35,2,val_loss,0.633581280708313
CNN,35,3,val_loss,0.543608963489533
CNN,35,4,val_loss,0.531130015850067
CNN,35,5,val_loss,0.973283171653748
CNN,35,6,val_loss,0.542397499084473
CNN,35,7,val_loss,0.540895819664002
CNN,35,8,val_loss,1.1627391576767
CNN,35,9,val_loss,0.551628589630127
CNN,35,10,val_loss,0.553846418857575
CNN,35,11,val_loss,0.549092888832092
CNN,35,12,val_loss,0.610557436943054
CNN,35,13,val_loss,0.54674619436264
CNN,36,1,val_loss,0.600665330886841
CNN,36,2,val_loss,0.538261234760284
CNN,36,3,val_loss,0.565142452716827
CNN,36,4,val_loss,0.53726053237915
CNN,36,5,val_loss,0.537762820720673
CNN,36,6,val_loss,0.593381464481354
CNN,36,7,val_loss,0.539979577064514
CNN,36,8,val_loss,0.54580557346344
CNN,36,9,val_loss,27.8755950927734
CNN,36,10,val_loss,0.608485996723175
CNN,36,11,val_loss,0.543209433555603
CNN,36,12,val_loss,0.683770775794983
CNN,36,13,val_loss,0.543522953987122
CNN,37,1,val_loss,0.627510786056519
CNN,37,2,val_loss,0.576349377632141
CNN,37,3,val_loss,0.54884284734726
CNN,37,4,val_loss,0.53724205493927
CNN,37,5,val_loss,3.33585143089294
CNN,37,6,val_loss,0.589890778064728
CNN,37,7,val_loss,1.85203766822815
CNN,37,8,val_loss,0.567667841911316
CNN,37,9,val_loss,0.672027051448822
CNN,37,10,val_loss,0.545691251754761
CNN,37,11,val_loss,0.595618307590485
CNN,37,12,val_loss,0.55806839466095
CNN,37,13,val_loss,0.545150220394135
CNN,38,1,val_loss,0.562347829341888
CNN,38,2,val_loss,0.536443889141083
CNN,38,3,val_loss,0.528929769992828
CNN,38,4,val_loss,1.47955060005188
CNN,38,5,val_loss,0.631100356578827
CNN,38,6,val_loss,0.561649918556213
CNN,38,7,val_loss,0.92605859041214
CNN,38,8,val_loss,0.547017693519592
CNN,38,9,val_loss,13.6300277709961
CNN,38,10,val_loss,0.639454126358032
CNN,38,11,val_loss,0.556049883365631
CNN,38,12,val_loss,0.558140635490418
LSTM,18,1,val_loss,0.517928183078766
LSTM,18,2,val_loss,0.518029272556305
LSTM,18,3,val_loss,0.518394529819489
LSTM,18,4,val_loss,0.519755125045776
LSTM,18,5,val_loss,0.521557927131653
LSTM,18,6,val_loss,0.523938596248627
LSTM,18,7,val_loss,0.526702880859375
LSTM,18,8,val_loss,0.529548287391663
LSTM,18,9,val_loss,0.532068014144898
LSTM,18,10,val_loss,0.535552024841309
LSTM,19,1,val_loss,0.51816588640213
LSTM,19,2,val_loss,0.517987072467804
LSTM,19,3,val_loss,0.518285632133484
LSTM,19,4,val_loss,0.518728315830231
LSTM,19,5,val_loss,0.519589781761169
LSTM,19,6,val_loss,0.520315229892731
LSTM,19,7,val_loss,0.522054612636566
LSTM,19,8,val_loss,0.523824334144592
LSTM,19,9,val_loss,0.526185870170593
LSTM,19,10,val_loss,0.529104590415955
LSTM,19,11,val_loss,0.532730996608734
LSTM,20,1,val_loss,0.518025934696198
LSTM,20,2,val_loss,0.518137753009796
LSTM,20,3,val_loss,0.518301427364349
LSTM,20,4,val_loss,0.519211828708649
LSTM,20,5,val_loss,0.520025730133057
LSTM,20,6,val_loss,0.521392047405243
LSTM,20,7,val_loss,0.523708820343018
LSTM,20,8,val_loss,0.527068018913269
LSTM,20,9,val_loss,0.530626177787781
LSTM,20,10,val_loss,0.533943712711334
LSTM,21,1,val_loss,0.518033981323242
LSTM,21,2,val_loss,0.517941296100617
LSTM,21,3,val_loss,0.518357574939728
LSTM,21,4,val_loss,0.518937706947327
LSTM,21,5,val_loss,0.519902229309082
LSTM,21,6,val_loss,0.521367430686951
LSTM,21,7,val_loss,0.524016261100769
LSTM,21,8,val_loss,0.52850067615509
LSTM,21,9,val_loss,0.532070696353912
LSTM,21,10,val_loss,0.536676526069641
LSTM,21,11,val_loss,0.542716085910797
LSTM,22,1,val_loss,0.517948806285858
LSTM,22,2,val_loss,0.517982184886932
LSTM,22,3,val_loss,0.518339395523071
LSTM,22,4,val_loss,0.519610047340393
LSTM,22,5,val_loss,0.52082884311676
LSTM,22,6,val_loss,0.523249447345734
LSTM,22,7,val_loss,0.523850202560425
LSTM,22,8,val_loss,0.526242077350617
LSTM,22,9,val_loss,0.529991686344147
LSTM,22,10,val_loss,0.533794105052948
LSTM,23,1,val_loss,0.518153786659241
LSTM,23,2,val_loss,0.518091797828674
LSTM,23,3,val_loss,0.518461167812347
LSTM,23,4,val_loss,0.519680917263031
LSTM,23,5,val_loss,0.521040856838226
LSTM,23,6,val_loss,0.522970855236054
LSTM,23,7,val_loss,0.526419878005981
LSTM,23,8,val_loss,0.530610024929047
LSTM,23,9,val_loss,0.535942673683167
LSTM,23,10,val_loss,0.539345741271973
LSTM,23,11,val_loss,0.543313384056091
LSTM,24,1,val_loss,0.518291532993317
LSTM,24,2,val_loss,0.518205404281616
LSTM,24,3,val_loss,0.51837956905365
LSTM,24,4,val_loss,0.518906652927399
LSTM,24,5,val_loss,0.520141422748566
LSTM,24,6,val_loss,0.522090792655945
LSTM,24,7,val_loss,0.524159252643585
LSTM,24,8,val_loss,0.527745723724365
LSTM,24,9,val_loss,0.531193673610687
LSTM,24,10,val_loss,0.535051226615906
LSTM,24,11,val_loss,0.537361323833466
LSTM,25,1,val_loss,0.518172323703766
LSTM,25,2,val_loss,0.518061101436615
LSTM,25,3,val_loss,0.518335223197937
LSTM,25,4,val_loss,0.519040524959564
LSTM,25,5,val_loss,0.520450949668884
LSTM,25,6,val_loss,0.522161304950714
LSTM,25,7,val_loss,0.52461588382721
LSTM,25,8,val_loss,0.526853680610657
LSTM,25,9,val_loss,0.529632449150085
LSTM,25,10,val_loss,0.533034384250641
LSTM,25,11,val_loss,0.536658883094788
LSTM,26,1,val_loss,0.518279194831848
LSTM,26,2,val_loss,0.51838630437851
LSTM,26,3,val_loss,0.519125819206238
LSTM,26,4,val_loss,0.520512521266937
LSTM,26,5,val_loss,0.522256314754486
LSTM,26,6,val_loss,0.523718655109406
LSTM,26,7,val_loss,0.525648176670075
LSTM,26,8,val_loss,0.528731048107147
LSTM,26,9,val_loss,0.533133387565613
LSTM,26,10,val_loss,0.533792674541473
LSTM,27,1,val_loss,0.518220365047455
LSTM,27,2,val_loss,0.518357396125794
LSTM,27,3,val_loss,0.518420815467835
LSTM,27,4,val_loss,0.519353747367859
LSTM,27,5,val_loss,0.520531356334686
LSTM,27,6,val_loss,0.523133039474487
LSTM,27,7,val_loss,0.524443745613098
LSTM,27,8,val_loss,0.526371598243713
LSTM,27,9,val_loss,0.528661131858826
LSTM,27,10,val_loss,0.531527757644653
LSTM,28,1,val_loss,0.518380880355835
LSTM,28,2,val_loss,0.518319129943848
LSTM,28,3,val_loss,0.518647849559784
LSTM,28,4,val_loss,0.520149946212769
LSTM,28,5,val_loss,0.520847618579865
LSTM,28,6,val_loss,0.522902429103851
LSTM,28,7,val_loss,0.524948537349701
LSTM,28,8,val_loss,0.527237176895142
LSTM,28,9,val_loss,0.530163824558258
LSTM,28,10,val_loss,0.534658849239349
LSTM,28,11,val_loss,0.539428532123566
LSTM,29,1,val_loss,0.518351912498474
LSTM,29,2,val_loss,0.518317639827728
LSTM,29,3,val_loss,0.518585741519928
LSTM,29,4,val_loss,0.519031465053558
LSTM,29,5,val_loss,0.520370662212372
LSTM,29,6,val_loss,0.521994531154633
LSTM,29,7,val_loss,0.524797022342682
LSTM,29,8,val_loss,0.52769261598587
LSTM,29,9,val_loss,0.5291867852211
LSTM,29,10,val_loss,0.53347259759903
LSTM,29,11,val_loss,0.536181449890137
LSTM,30,1,val_loss,0.51848578453064
LSTM,30,2,val_loss,0.517950415611267
LSTM,30,3,val_loss,0.518167316913605
LSTM,30,4,val_loss,0.518640518188477
LSTM,30,5,val_loss,0.519618511199951
LSTM,30,6,val_loss,0.5201256275177
LSTM,30,7,val_loss,0.5217644572258
LSTM,30,8,val_loss,0.523456156253815
LSTM,30,9,val_loss,0.52554315328598
LSTM,30,10,val_loss,0.528031885623932
LSTM,30,11,val_loss,0.530215084552765
LSTM,31,1,val_loss,0.518225431442261
LSTM,31,2,val_loss,0.518187463283539
LSTM,31,3,val_loss,0.518756926059723
LSTM,31,4,val_loss,0.519264400005341
LSTM,31,5,val_loss,0.519489049911499
LSTM,31,6,val_loss,0.52267986536026
LSTM,31,7,val_loss,0.526353359222412
LSTM,31,8,val_loss,0.529253721237183
LSTM,31,9,val_loss,0.532357335090637
LSTM,31,10,val_loss,0.535600125789642
LSTM,31,11,val_loss,0.536175310611725
LSTM,32,1,val_loss,0.518164932727814
LSTM,32,2,val_loss,0.51841938495636
LSTM,32,3,val_loss,0.518684983253479
LSTM,32,4,val_loss,0.519355952739716
LSTM,32,5,val_loss,0.520751595497131
LSTM,32,6,val_loss,0.521867692470551
LSTM,32,7,val_loss,0.52379584312439
LSTM,32,8,val_loss,0.525849282741547
LSTM,32,9,val_loss,0.529499888420105
LSTM,32,10,val_loss,0.532727777957916
LSTM,33,1,val_loss,0.518229126930237
LSTM,33,2,val_loss,0.518206655979157
LSTM,33,3,val_loss,0.51857590675354
LSTM,33,4,val_loss,0.5185626745224
LSTM,33,5,val_loss,0.520194172859192
LSTM,33,6,val_loss,0.521154522895813
LSTM,33,7,val_loss,0.524811804294586
LSTM,33,8,val_loss,0.525658130645752
LSTM,33,9,val_loss,0.532278060913086
LSTM,33,10,val_loss,0.537495195865631
LSTM,33,11,val_loss,0.542701542377472
LSTM,34,1,val_loss,0.518378376960754
LSTM,34,2,val_loss,0.518387019634247
LSTM,34,3,val_loss,0.518441379070282
LSTM,34,4,val_loss,0.520073354244232
LSTM,34,5,val_loss,0.520148515701294
LSTM,34,6,val_loss,0.521585404872894
LSTM,34,7,val_loss,0.523366332054138
LSTM,34,8,val_loss,0.52513998746872
LSTM,34,9,val_loss,0.527716219425201
LSTM,34,10,val_loss,0.530060470104218
LSTM,35,1,val_loss,0.518173575401306
LSTM,35,2,val_loss,0.517942845821381
LSTM,35,3,val_loss,0.5181764960289
LSTM,35,4,val_loss,0.518585562705994
LSTM,35,5,val_loss,0.518937885761261
LSTM,35,6,val_loss,0.519364178180695
LSTM,35,7,val_loss,0.520530939102173
LSTM,35,8,val_loss,0.522800266742706
LSTM,35,9,val_loss,0.525614678859711
LSTM,35,10,val_loss,0.530470609664917
LSTM,35,11,val_loss,0.530649721622467
LSTM,36,1,val_loss,0.518267750740051
LSTM,36,2,val_loss,0.518403232097626
LSTM,36,3,val_loss,0.518772125244141
LSTM,36,4,val_loss,0.519489347934723
LSTM,36,5,val_loss,0.521240770816803
LSTM,36,6,val_loss,0.522791743278503
LSTM,36,7,val_loss,0.525828242301941
LSTM,36,8,val_loss,0.529308557510376
LSTM,36,9,val_loss,0.533852696418762
LSTM,36,10,val_loss,0.536533117294312
LSTM,37,1,val_loss,0.518301248550415
LSTM,37,2,val_loss,0.518319189548492
LSTM,37,3,val_loss,0.518133342266083
LSTM,37,4,val_loss,0.518585383892059
LSTM,37,5,val_loss,0.519509851932526
LSTM,37,6,val_loss,0.521680116653442
LSTM,37,7,val_loss,0.52536815404892
LSTM,37,8,val_loss,0.52671891450882
LSTM,37,9,val_loss,0.529246091842651
LSTM,37,10,val_loss,0.531793534755707
LSTM,37,11,val_loss,0.537149429321289
LSTM,37,12,val_loss,0.541546404361725
LSTM,38,1,val_loss,0.518184006214142
LSTM,38,2,val_loss,0.518109440803528
LSTM,38,3,val_loss,0.51813280582428
LSTM,38,4,val_loss,0.518194079399109
LSTM,38,5,val_loss,0.520022034645081
LSTM,38,6,val_loss,0.521658778190613
LSTM,38,7,val_loss,0.52307140827179
LSTM,38,8,val_loss,0.525669515132904
LSTM,38,9,val_loss,0.527032017707825
LSTM,38,10,val_loss,0.530705869197846
LSTM,38,11,val_loss,0.53373384475708
CNN,18,1,val_mean_absolute_error,0.541624307632446
CNN,18,2,val_mean_absolute_error,0.53088903427124
CNN,18,3,val_mean_absolute_error,0.549268245697022
CNN,18,4,val_mean_absolute_error,0.525602579116821
CNN,18,5,val_mean_absolute_error,0.519206941127777
CNN,18,6,val_mean_absolute_error,0.513766407966614
CNN,18,7,val_mean_absolute_error,0.559134066104889
CNN,18,8,val_mean_absolute_error,0.524012565612793
CNN,18,9,val_mean_absolute_error,0.517236649990082
CNN,18,10,val_mean_absolute_error,0.517464280128479
CNN,18,11,val_mean_absolute_error,0.529654502868652
CNN,18,12,val_mean_absolute_error,0.519955098628998
CNN,18,13,val_mean_absolute_error,0.663719415664673
CNN,18,14,val_mean_absolute_error,0.529849231243134
CNN,18,15,val_mean_absolute_error,0.525554060935974
CNN,19,1,val_mean_absolute_error,0.534651517868042
CNN,19,2,val_mean_absolute_error,0.521041333675385
CNN,19,3,val_mean_absolute_error,0.530300438404083
CNN,19,4,val_mean_absolute_error,0.520501911640167
CNN,19,5,val_mean_absolute_error,0.696473300457001
CNN,19,6,val_mean_absolute_error,0.522662103176117
CNN,19,7,val_mean_absolute_error,0.521468937397003
CNN,19,8,val_mean_absolute_error,0.514158546924591
CNN,19,9,val_mean_absolute_error,0.532210648059845
CNN,19,10,val_mean_absolute_error,0.517623901367188
CNN,19,11,val_mean_absolute_error,0.541783273220062
CNN,19,12,val_mean_absolute_error,0.520899653434753
CNN,19,13,val_mean_absolute_error,0.54053795337677
CNN,19,14,val_mean_absolute_error,0.521303176879883
CNN,19,15,val_mean_absolute_error,0.538996994495392
CNN,19,16,val_mean_absolute_error,0.522939562797546
CNN,19,17,val_mean_absolute_error,0.525467872619629
CNN,20,1,val_mean_absolute_error,0.539315223693848
CNN,20,2,val_mean_absolute_error,0.519107520580292
CNN,20,3,val_mean_absolute_error,0.517766058444977
CNN,20,4,val_mean_absolute_error,0.517388701438904
CNN,20,5,val_mean_absolute_error,0.513475596904755
CNN,20,6,val_mean_absolute_error,0.519921839237213
CNN,20,7,val_mean_absolute_error,0.528795123100281
CNN,20,8,val_mean_absolute_error,0.521589577198029
CNN,20,9,val_mean_absolute_error,0.602310359477997
CNN,20,10,val_mean_absolute_error,0.522889196872711
CNN,20,11,val_mean_absolute_error,0.52279257774353
CNN,20,12,val_mean_absolute_error,0.521226227283478
CNN,20,13,val_mean_absolute_error,0.524535059928894
CNN,20,14,val_mean_absolute_error,0.520732462406158
CNN,21,1,val_mean_absolute_error,0.526051163673401
CNN,21,2,val_mean_absolute_error,0.519990682601929
CNN,21,3,val_mean_absolute_error,0.514816105365753
CNN,21,4,val_mean_absolute_error,0.521549820899963
CNN,21,5,val_mean_absolute_error,0.511210262775421
CNN,21,6,val_mean_absolute_error,0.541422724723816
CNN,21,7,val_mean_absolute_error,0.519752085208893
CNN,21,8,val_mean_absolute_error,0.53314870595932
CNN,21,9,val_mean_absolute_error,0.51991081237793
CNN,21,10,val_mean_absolute_error,0.608898758888245
CNN,21,11,val_mean_absolute_error,0.524884641170502
CNN,21,12,val_mean_absolute_error,0.520710647106171
CNN,21,13,val_mean_absolute_error,0.534466207027435
CNN,21,14,val_mean_absolute_error,0.523806512355804
CNN,22,1,val_mean_absolute_error,0.551099240779877
CNN,22,2,val_mean_absolute_error,0.526385843753815
CNN,22,3,val_mean_absolute_error,0.539502561092377
CNN,22,4,val_mean_absolute_error,0.517944395542145
CNN,22,5,val_mean_absolute_error,0.513204276561737
CNN,22,6,val_mean_absolute_error,0.547057509422302
CNN,22,7,val_mean_absolute_error,0.519252181053162
CNN,22,8,val_mean_absolute_error,0.525047600269318
CNN,22,9,val_mean_absolute_error,0.521220207214356
CNN,22,10,val_mean_absolute_error,0.528938174247742
CNN,22,11,val_mean_absolute_error,0.520967364311218
CNN,22,12,val_mean_absolute_error,0.528887689113617
CNN,22,13,val_mean_absolute_error,0.522574663162231
CNN,22,14,val_mean_absolute_error,0.530235290527344
CNN,23,1,val_mean_absolute_error,0.527436912059784
CNN,23,2,val_mean_absolute_error,0.520014882087708
CNN,23,3,val_mean_absolute_error,0.515899360179901
CNN,23,4,val_mean_absolute_error,0.514426052570343
CNN,23,5,val_mean_absolute_error,0.525746643543243
CNN,23,6,val_mean_absolute_error,0.519582569599152
CNN,23,7,val_mean_absolute_error,0.524880111217499
CNN,23,8,val_mean_absolute_error,0.516344904899597
CNN,23,9,val_mean_absolute_error,0.781299352645874
CNN,23,10,val_mean_absolute_error,0.701687335968018
CNN,23,11,val_mean_absolute_error,0.531460404396057
CNN,23,12,val_mean_absolute_error,0.527985513210297
CNN,23,13,val_mean_absolute_error,0.521836340427399
CNN,24,1,val_mean_absolute_error,0.535295069217682
CNN,24,2,val_mean_absolute_error,0.517354369163513
CNN,24,3,val_mean_absolute_error,0.518517971038818
CNN,24,4,val_mean_absolute_error,0.516450941562653
CNN,24,5,val_mean_absolute_error,0.584136605262756
CNN,24,6,val_mean_absolute_error,0.531392812728882
CNN,24,7,val_mean_absolute_error,0.517622411251068
CNN,24,8,val_mean_absolute_error,0.550898551940918
CNN,24,9,val_mean_absolute_error,0.520853579044342
CNN,24,10,val_mean_absolute_error,0.548621952533722
CNN,24,11,val_mean_absolute_error,0.521024763584137
CNN,25,1,val_mean_absolute_error,0.521709144115448
CNN,25,2,val_mean_absolute_error,0.514481365680695
CNN,25,3,val_mean_absolute_error,0.521816670894623
CNN,25,4,val_mean_absolute_error,0.518402576446533
CNN,25,5,val_mean_absolute_error,0.511605620384216
CNN,25,6,val_mean_absolute_error,0.526418149471283
CNN,25,7,val_mean_absolute_error,0.51503336429596
CNN,25,8,val_mean_absolute_error,0.564423799514771
CNN,25,9,val_mean_absolute_error,0.531103610992432
CNN,25,10,val_mean_absolute_error,0.523816645145416
CNN,25,11,val_mean_absolute_error,0.523220419883728
CNN,25,12,val_mean_absolute_error,0.531782329082489
CNN,25,13,val_mean_absolute_error,0.565726935863495
CNN,25,14,val_mean_absolute_error,0.530830144882202
CNN,26,1,val_mean_absolute_error,0.526914179325104
CNN,26,2,val_mean_absolute_error,0.514357209205627
CNN,26,3,val_mean_absolute_error,0.5139399766922
CNN,26,4,val_mean_absolute_error,1.16760241985321
CNN,26,5,val_mean_absolute_error,0.53691977262497
CNN,26,6,val_mean_absolute_error,0.53574925661087
CNN,26,7,val_mean_absolute_error,0.542560756206513
CNN,26,8,val_mean_absolute_error,0.51607221364975
CNN,26,9,val_mean_absolute_error,0.531057238578796
CNN,26,10,val_mean_absolute_error,0.517191588878632
CNN,26,11,val_mean_absolute_error,0.585020303726196
CNN,27,1,val_mean_absolute_error,0.573521971702576
CNN,27,2,val_mean_absolute_error,0.534063041210175
CNN,27,3,val_mean_absolute_error,0.539606213569641
CNN,27,4,val_mean_absolute_error,0.633142232894898
CNN,27,5,val_mean_absolute_error,0.524633646011353
CNN,27,6,val_mean_absolute_error,0.517480373382568
CNN,27,7,val_mean_absolute_error,0.527083218097687
CNN,27,8,val_mean_absolute_error,0.528230965137482
CNN,27,9,val_mean_absolute_error,0.524243175983429
CNN,27,10,val_mean_absolute_error,0.624534368515015
CNN,27,11,val_mean_absolute_error,0.531919419765472
CNN,27,12,val_mean_absolute_error,0.524417281150818
CNN,27,13,val_mean_absolute_error,0.585435628890991
CNN,27,14,val_mean_absolute_error,0.526050269603729
CNN,27,15,val_mean_absolute_error,0.551105499267578
CNN,28,1,val_mean_absolute_error,0.527608573436737
CNN,28,2,val_mean_absolute_error,0.515374064445496
CNN,28,3,val_mean_absolute_error,0.512219309806824
CNN,28,4,val_mean_absolute_error,0.663430988788605
CNN,28,5,val_mean_absolute_error,0.535755515098572
CNN,28,6,val_mean_absolute_error,0.518105030059815
CNN,28,7,val_mean_absolute_error,0.566425383090973
CNN,28,8,val_mean_absolute_error,0.531239032745361
CNN,28,9,val_mean_absolute_error,0.524271607398987
CNN,28,10,val_mean_absolute_error,0.526817500591278
CNN,28,11,val_mean_absolute_error,0.537291467189789
CNN,28,12,val_mean_absolute_error,0.537017941474915
CNN,29,1,val_mean_absolute_error,0.645192325115204
CNN,29,2,val_mean_absolute_error,0.546345353126526
CNN,29,3,val_mean_absolute_error,0.579233169555664
CNN,29,4,val_mean_absolute_error,0.537614405155182
CNN,29,5,val_mean_absolute_error,0.526186347007752
CNN,29,6,val_mean_absolute_error,0.588248372077942
CNN,29,7,val_mean_absolute_error,0.518765211105347
CNN,29,8,val_mean_absolute_error,0.524123728275299
CNN,29,9,val_mean_absolute_error,0.524616539478302
CNN,29,10,val_mean_absolute_error,0.526830613613129
CNN,29,11,val_mean_absolute_error,0.611909747123718
CNN,29,12,val_mean_absolute_error,0.535570025444031
CNN,29,13,val_mean_absolute_error,0.527438580989838
CNN,29,14,val_mean_absolute_error,0.527567088603973
CNN,29,15,val_mean_absolute_error,0.544295370578766
CNN,29,16,val_mean_absolute_error,0.533856630325317
CNN,30,1,val_mean_absolute_error,0.557423770427704
CNN,30,2,val_mean_absolute_error,0.526903450489044
CNN,30,3,val_mean_absolute_error,0.51875251531601
CNN,30,4,val_mean_absolute_error,0.519094228744507
CNN,30,5,val_mean_absolute_error,0.5160111784935
CNN,30,6,val_mean_absolute_error,0.566139161586762
CNN,30,7,val_mean_absolute_error,0.522250473499298
CNN,30,8,val_mean_absolute_error,0.532836019992828
CNN,30,9,val_mean_absolute_error,0.674802482128143
CNN,30,10,val_mean_absolute_error,0.539771914482117
CNN,30,11,val_mean_absolute_error,0.528316259384155
CNN,30,12,val_mean_absolute_error,0.528621315956116
CNN,30,13,val_mean_absolute_error,0.553785979747772
CNN,30,14,val_mean_absolute_error,0.526398837566376
CNN,31,1,val_mean_absolute_error,0.552107870578766
CNN,31,2,val_mean_absolute_error,0.529046714305878
CNN,31,3,val_mean_absolute_error,0.530574142932892
CNN,31,4,val_mean_absolute_error,0.737821042537689
CNN,31,5,val_mean_absolute_error,0.514723598957062
CNN,31,6,val_mean_absolute_error,0.587777853012085
CNN,31,7,val_mean_absolute_error,0.522286891937256
CNN,31,8,val_mean_absolute_error,0.546225666999817
CNN,31,9,val_mean_absolute_error,0.51867014169693
CNN,31,10,val_mean_absolute_error,1.0977783203125
CNN,31,11,val_mean_absolute_error,0.618873357772827
CNN,31,12,val_mean_absolute_error,0.535403251647949
CNN,31,13,val_mean_absolute_error,0.531934440135956
CNN,31,14,val_mean_absolute_error,0.58089691400528
CNN,32,1,val_mean_absolute_error,0.565299689769745
CNN,32,2,val_mean_absolute_error,0.526356756687164
CNN,32,3,val_mean_absolute_error,0.516266822814941
CNN,32,4,val_mean_absolute_error,0.538649082183838
CNN,32,5,val_mean_absolute_error,0.515937805175781
CNN,32,6,val_mean_absolute_error,0.926524460315704
CNN,32,7,val_mean_absolute_error,0.535978734493256
CNN,32,8,val_mean_absolute_error,0.51646500825882
CNN,32,9,val_mean_absolute_error,0.966600060462952
CNN,32,10,val_mean_absolute_error,0.536498308181763
CNN,32,11,val_mean_absolute_error,0.529196262359619
CNN,32,12,val_mean_absolute_error,0.528218924999237
CNN,32,13,val_mean_absolute_error,0.533565044403076
CNN,32,14,val_mean_absolute_error,0.526107907295227
CNN,33,1,val_mean_absolute_error,0.569314241409302
CNN,33,2,val_mean_absolute_error,0.53153657913208
CNN,33,3,val_mean_absolute_error,0.528095126152039
CNN,33,4,val_mean_absolute_error,0.519560158252716
CNN,33,5,val_mean_absolute_error,0.539499461650848
CNN,33,6,val_mean_absolute_error,0.516805589199066
CNN,33,7,val_mean_absolute_error,0.525300860404968
CNN,33,8,val_mean_absolute_error,0.526687502861023
CNN,33,9,val_mean_absolute_error,0.53164529800415
CNN,33,10,val_mean_absolute_error,0.706351637840271
CNN,33,11,val_mean_absolute_error,0.545998394489288
CNN,33,12,val_mean_absolute_error,0.529195785522461
CNN,33,13,val_mean_absolute_error,0.543629348278046
CNN,33,14,val_mean_absolute_error,0.537569761276245
CNN,33,15,val_mean_absolute_error,0.69238293170929
CNN,34,1,val_mean_absolute_error,0.576460540294647
CNN,34,2,val_mean_absolute_error,0.537483394145966
CNN,34,3,val_mean_absolute_error,0.529167950153351
CNN,34,4,val_mean_absolute_error,0.523111283779144
CNN,34,5,val_mean_absolute_error,0.620196521282196
CNN,34,6,val_mean_absolute_error,0.519223690032959
CNN,34,7,val_mean_absolute_error,0.523893713951111
CNN,34,8,val_mean_absolute_error,0.540276110172272
CNN,34,9,val_mean_absolute_error,0.520351767539978
CNN,34,10,val_mean_absolute_error,0.717473268508911
CNN,34,11,val_mean_absolute_error,0.573009490966797
CNN,34,12,val_mean_absolute_error,0.534139037132263
CNN,34,13,val_mean_absolute_error,0.530194342136383
CNN,34,14,val_mean_absolute_error,0.550403237342835
CNN,34,15,val_mean_absolute_error,0.531618177890778
CNN,35,1,val_mean_absolute_error,0.629750430583954
CNN,35,2,val_mean_absolute_error,0.568179607391357
CNN,35,3,val_mean_absolute_error,0.525923609733582
CNN,35,4,val_mean_absolute_error,0.516570270061493
CNN,35,5,val_mean_absolute_error,0.683818757534027
CNN,35,6,val_mean_absolute_error,0.523393332958221
CNN,35,7,val_mean_absolute_error,0.524460256099701
CNN,35,8,val_mean_absolute_error,0.722482264041901
CNN,35,9,val_mean_absolute_error,0.530435979366303
CNN,35,10,val_mean_absolute_error,0.531177163124085
CNN,35,11,val_mean_absolute_error,0.528635799884796
CNN,35,12,val_mean_absolute_error,0.554228663444519
CNN,35,13,val_mean_absolute_error,0.526943564414978
CNN,36,1,val_mean_absolute_error,0.556202113628388
CNN,36,2,val_mean_absolute_error,0.522685289382935
CNN,36,3,val_mean_absolute_error,0.537420570850372
CNN,36,4,val_mean_absolute_error,0.520573556423187
CNN,36,5,val_mean_absolute_error,0.520955443382263
CNN,36,6,val_mean_absolute_error,0.550253570079804
CNN,36,7,val_mean_absolute_error,0.523563086986542
CNN,36,8,val_mean_absolute_error,0.527559399604797
CNN,36,9,val_mean_absolute_error,2.20589900016785
CNN,36,10,val_mean_absolute_error,0.555084109306335
CNN,36,11,val_mean_absolute_error,0.524361670017242
CNN,36,12,val_mean_absolute_error,0.583763420581818
CNN,36,13,val_mean_absolute_error,0.523823738098145
CNN,37,1,val_mean_absolute_error,0.567095041275024
CNN,37,2,val_mean_absolute_error,0.543578863143921
CNN,37,3,val_mean_absolute_error,0.527714848518372
CNN,37,4,val_mean_absolute_error,0.520251333713532
CNN,37,5,val_mean_absolute_error,1.06015861034393
CNN,37,6,val_mean_absolute_error,0.55647748708725
CNN,37,7,val_mean_absolute_error,0.809808611869812
CNN,37,8,val_mean_absolute_error,0.538540959358215
CNN,37,9,val_mean_absolute_error,0.583254158496857
CNN,37,10,val_mean_absolute_error,0.52654629945755
CNN,37,11,val_mean_absolute_error,0.551042437553406
CNN,37,12,val_mean_absolute_error,0.534518241882324
CNN,37,13,val_mean_absolute_error,0.525319039821625
CNN,38,1,val_mean_absolute_error,0.536230862140656
CNN,38,2,val_mean_absolute_error,0.519676387310028
CNN,38,3,val_mean_absolute_error,0.514345049858093
CNN,38,4,val_mean_absolute_error,0.754755735397339
CNN,38,5,val_mean_absolute_error,0.566304087638855
CNN,38,6,val_mean_absolute_error,0.535414159297943
CNN,38,7,val_mean_absolute_error,0.623146593570709
CNN,38,8,val_mean_absolute_error,0.525776565074921
CNN,38,9,val_mean_absolute_error,1.62733364105225
CNN,38,10,val_mean_absolute_error,0.571138381958008
CNN,38,11,val_mean_absolute_error,0.532616972923279
CNN,38,12,val_mean_absolute_error,0.53368753194809
LSTM,18,1,val_mean_absolute_error,0.50519597530365
LSTM,18,2,val_mean_absolute_error,0.506507635116577
LSTM,18,3,val_mean_absolute_error,0.507238864898682
LSTM,18,4,val_mean_absolute_error,0.509045839309692
LSTM,18,5,val_mean_absolute_error,0.511410474777222
LSTM,18,6,val_mean_absolute_error,0.514003574848175
LSTM,18,7,val_mean_absolute_error,0.516876459121704
LSTM,18,8,val_mean_absolute_error,0.519483506679535
LSTM,18,9,val_mean_absolute_error,0.521281898021698
LSTM,18,10,val_mean_absolute_error,0.524057745933533
LSTM,19,1,val_mean_absolute_error,0.504602789878845
LSTM,19,2,val_mean_absolute_error,0.506040692329407
LSTM,19,3,val_mean_absolute_error,0.507068872451782
LSTM,19,4,val_mean_absolute_error,0.508030891418457
LSTM,19,5,val_mean_absolute_error,0.509491980075836
LSTM,19,6,val_mean_absolute_error,0.510573923587799
LSTM,19,7,val_mean_absolute_error,0.512395024299622
LSTM,19,8,val_mean_absolute_error,0.513990581035614
LSTM,19,9,val_mean_absolute_error,0.516155064105988
LSTM,19,10,val_mean_absolute_error,0.518616259098053
LSTM,19,11,val_mean_absolute_error,0.521458685398102
LSTM,20,1,val_mean_absolute_error,0.504538297653198
LSTM,20,2,val_mean_absolute_error,0.505845010280609
LSTM,20,3,val_mean_absolute_error,0.507228016853333
LSTM,20,4,val_mean_absolute_error,0.508983492851257
LSTM,20,5,val_mean_absolute_error,0.510489940643311
LSTM,20,6,val_mean_absolute_error,0.512042164802551
LSTM,20,7,val_mean_absolute_error,0.514276504516602
LSTM,20,8,val_mean_absolute_error,0.517247319221497
LSTM,20,9,val_mean_absolute_error,0.520192563533783
LSTM,20,10,val_mean_absolute_error,0.522822082042694
LSTM,21,1,val_mean_absolute_error,0.504940390586853
LSTM,21,2,val_mean_absolute_error,0.505770087242127
LSTM,21,3,val_mean_absolute_error,0.507166087627411
LSTM,21,4,val_mean_absolute_error,0.508540213108063
LSTM,21,5,val_mean_absolute_error,0.510304808616638
LSTM,21,6,val_mean_absolute_error,0.512491703033447
LSTM,21,7,val_mean_absolute_error,0.515378475189209
LSTM,21,8,val_mean_absolute_error,0.51943564414978
LSTM,21,9,val_mean_absolute_error,0.522629618644714
LSTM,21,10,val_mean_absolute_error,0.526490747928619
LSTM,21,11,val_mean_absolute_error,0.530641853809357
LSTM,22,1,val_mean_absolute_error,0.504897713661194
LSTM,22,2,val_mean_absolute_error,0.505647420883179
LSTM,22,3,val_mean_absolute_error,0.50710391998291
LSTM,22,4,val_mean_absolute_error,0.509056627750397
LSTM,22,5,val_mean_absolute_error,0.511003792285919
LSTM,22,6,val_mean_absolute_error,0.513514816761017
LSTM,22,7,val_mean_absolute_error,0.514304876327515
LSTM,22,8,val_mean_absolute_error,0.51622611284256
LSTM,22,9,val_mean_absolute_error,0.519367396831513
LSTM,22,10,val_mean_absolute_error,0.522103607654572
LSTM,23,1,val_mean_absolute_error,0.504701972007752
LSTM,23,2,val_mean_absolute_error,0.505450367927551
LSTM,23,3,val_mean_absolute_error,0.507254660129547
LSTM,23,4,val_mean_absolute_error,0.509774565696716
LSTM,23,5,val_mean_absolute_error,0.511440098285675
LSTM,23,6,val_mean_absolute_error,0.513799905776978
LSTM,23,7,val_mean_absolute_error,0.516806721687317
LSTM,23,8,val_mean_absolute_error,0.520122170448303
LSTM,23,9,val_mean_absolute_error,0.524335563182831
LSTM,23,10,val_mean_absolute_error,0.527125597000122
LSTM,23,11,val_mean_absolute_error,0.530145227909088
LSTM,24,1,val_mean_absolute_error,0.50506991147995
LSTM,24,2,val_mean_absolute_error,0.506696403026581
LSTM,24,3,val_mean_absolute_error,0.507536172866821
LSTM,24,4,val_mean_absolute_error,0.508970379829407
LSTM,24,5,val_mean_absolute_error,0.510586977005005
LSTM,24,6,val_mean_absolute_error,0.512591183185577
LSTM,24,7,val_mean_absolute_error,0.514911651611328
LSTM,24,8,val_mean_absolute_error,0.517708003520966
LSTM,24,9,val_mean_absolute_error,0.520538508892059
LSTM,24,10,val_mean_absolute_error,0.523381888866425
LSTM,24,11,val_mean_absolute_error,0.525284469127655
LSTM,25,1,val_mean_absolute_error,0.505086839199066
LSTM,25,2,val_mean_absolute_error,0.506022691726685
LSTM,25,3,val_mean_absolute_error,0.507326900959015
LSTM,25,4,val_mean_absolute_error,0.508352518081665
LSTM,25,5,val_mean_absolute_error,0.510355174541473
LSTM,25,6,val_mean_absolute_error,0.512516796588898
LSTM,25,7,val_mean_absolute_error,0.514845967292786
LSTM,25,8,val_mean_absolute_error,0.516653001308441
LSTM,25,9,val_mean_absolute_error,0.519148290157318
LSTM,25,10,val_mean_absolute_error,0.521714329719544
LSTM,25,11,val_mean_absolute_error,0.525020360946655
LSTM,26,1,val_mean_absolute_error,0.504925608634949
LSTM,26,2,val_mean_absolute_error,0.505292177200317
LSTM,26,3,val_mean_absolute_error,0.506968259811401
LSTM,26,4,val_mean_absolute_error,0.508977174758911
LSTM,26,5,val_mean_absolute_error,0.511118233203888
LSTM,26,6,val_mean_absolute_error,0.512731850147247
LSTM,26,7,val_mean_absolute_error,0.514820098876953
LSTM,26,8,val_mean_absolute_error,0.517722308635712
LSTM,26,9,val_mean_absolute_error,0.521677136421204
LSTM,26,10,val_mean_absolute_error,0.52236795425415
LSTM,27,1,val_mean_absolute_error,0.504241287708283
LSTM,27,2,val_mean_absolute_error,0.505864262580872
LSTM,27,3,val_mean_absolute_error,0.506873428821564
LSTM,27,4,val_mean_absolute_error,0.508500277996063
LSTM,27,5,val_mean_absolute_error,0.510169863700867
LSTM,27,6,val_mean_absolute_error,0.512971162796021
LSTM,27,7,val_mean_absolute_error,0.514483094215393
LSTM,27,8,val_mean_absolute_error,0.516341209411621
LSTM,27,9,val_mean_absolute_error,0.518516778945923
LSTM,27,10,val_mean_absolute_error,0.520978450775147
LSTM,28,1,val_mean_absolute_error,0.504424631595612
LSTM,28,2,val_mean_absolute_error,0.505431830883026
LSTM,28,3,val_mean_absolute_error,0.506672859191895
LSTM,28,4,val_mean_absolute_error,0.509005188941956
LSTM,28,5,val_mean_absolute_error,0.510055422782898
LSTM,28,6,val_mean_absolute_error,0.512619197368622
LSTM,28,7,val_mean_absolute_error,0.514710783958435
LSTM,28,8,val_mean_absolute_error,0.516904950141907
LSTM,28,9,val_mean_absolute_error,0.519441366195679
LSTM,28,10,val_mean_absolute_error,0.523367524147034
LSTM,28,11,val_mean_absolute_error,0.5271275639534
LSTM,29,1,val_mean_absolute_error,0.504722654819489
LSTM,29,2,val_mean_absolute_error,0.506242334842682
LSTM,29,3,val_mean_absolute_error,0.507047712802887
LSTM,29,4,val_mean_absolute_error,0.508219838142395
LSTM,29,5,val_mean_absolute_error,0.510522723197937
LSTM,29,6,val_mean_absolute_error,0.513093829154968
LSTM,29,7,val_mean_absolute_error,0.515463471412659
LSTM,29,8,val_mean_absolute_error,0.517671465873718
LSTM,29,9,val_mean_absolute_error,0.519094944000244
LSTM,29,10,val_mean_absolute_error,0.52298629283905
LSTM,29,11,val_mean_absolute_error,0.524972379207611
LSTM,30,1,val_mean_absolute_error,0.504073858261108
LSTM,30,2,val_mean_absolute_error,0.505252122879028
LSTM,30,3,val_mean_absolute_error,0.506270051002502
LSTM,30,4,val_mean_absolute_error,0.507507979869843
LSTM,30,5,val_mean_absolute_error,0.509043753147125
LSTM,30,6,val_mean_absolute_error,0.509684860706329
LSTM,30,7,val_mean_absolute_error,0.511525511741638
LSTM,30,8,val_mean_absolute_error,0.513189017772675
LSTM,30,9,val_mean_absolute_error,0.515831768512726
LSTM,30,10,val_mean_absolute_error,0.517913103103638
LSTM,30,11,val_mean_absolute_error,0.520065367221832
LSTM,31,1,val_mean_absolute_error,0.504171133041382
LSTM,31,2,val_mean_absolute_error,0.505339980125427
LSTM,31,3,val_mean_absolute_error,0.507169842720032
LSTM,31,4,val_mean_absolute_error,0.509327709674835
LSTM,31,5,val_mean_absolute_error,0.509914934635162
LSTM,31,6,val_mean_absolute_error,0.513040661811829
LSTM,31,7,val_mean_absolute_error,0.516127228736877
LSTM,31,8,val_mean_absolute_error,0.518487811088562
LSTM,31,9,val_mean_absolute_error,0.521015763282776
LSTM,31,10,val_mean_absolute_error,0.52335125207901
LSTM,31,11,val_mean_absolute_error,0.524119913578033
LSTM,32,1,val_mean_absolute_error,0.505044162273407
LSTM,32,2,val_mean_absolute_error,0.506895184516907
LSTM,32,3,val_mean_absolute_error,0.507761776447296
LSTM,32,4,val_mean_absolute_error,0.509067296981812
LSTM,32,5,val_mean_absolute_error,0.510992527008057
LSTM,32,6,val_mean_absolute_error,0.512645959854126
LSTM,32,7,val_mean_absolute_error,0.514678597450256
LSTM,32,8,val_mean_absolute_error,0.516528427600861
LSTM,32,9,val_mean_absolute_error,0.519780158996582
LSTM,32,10,val_mean_absolute_error,0.522275626659393
LSTM,33,1,val_mean_absolute_error,0.504996240139008
LSTM,33,2,val_mean_absolute_error,0.505914747714996
LSTM,33,3,val_mean_absolute_error,0.507029294967651
LSTM,33,4,val_mean_absolute_error,0.507627904415131
LSTM,33,5,val_mean_absolute_error,0.510059773921967
LSTM,33,6,val_mean_absolute_error,0.511447906494141
LSTM,33,7,val_mean_absolute_error,0.514600574970245
LSTM,33,8,val_mean_absolute_error,0.515529990196228
LSTM,33,9,val_mean_absolute_error,0.520735442638397
LSTM,33,10,val_mean_absolute_error,0.525174736976624
LSTM,33,11,val_mean_absolute_error,0.528654396533966
LSTM,34,1,val_mean_absolute_error,0.504313707351685
LSTM,34,2,val_mean_absolute_error,0.505816578865051
LSTM,34,3,val_mean_absolute_error,0.507020652294159
LSTM,34,4,val_mean_absolute_error,0.509484648704529
LSTM,34,5,val_mean_absolute_error,0.510054469108582
LSTM,34,6,val_mean_absolute_error,0.511710524559021
LSTM,34,7,val_mean_absolute_error,0.513698577880859
LSTM,34,8,val_mean_absolute_error,0.515341401100159
LSTM,34,9,val_mean_absolute_error,0.517871856689453
LSTM,34,10,val_mean_absolute_error,0.520034968852997
LSTM,35,1,val_mean_absolute_error,0.505623400211334
LSTM,35,2,val_mean_absolute_error,0.506502270698547
LSTM,35,3,val_mean_absolute_error,0.507430732250214
LSTM,35,4,val_mean_absolute_error,0.508684039115906
LSTM,35,5,val_mean_absolute_error,0.509443700313568
LSTM,35,6,val_mean_absolute_error,0.509958982467651
LSTM,35,7,val_mean_absolute_error,0.511769592761993
LSTM,35,8,val_mean_absolute_error,0.51407116651535
LSTM,35,9,val_mean_absolute_error,0.516472578048706
LSTM,35,10,val_mean_absolute_error,0.520466268062592
LSTM,35,11,val_mean_absolute_error,0.520771741867065
LSTM,36,1,val_mean_absolute_error,0.504953324794769
LSTM,36,2,val_mean_absolute_error,0.505396366119385
LSTM,36,3,val_mean_absolute_error,0.506296455860138
LSTM,36,4,val_mean_absolute_error,0.508190274238586
LSTM,36,5,val_mean_absolute_error,0.511047124862671
LSTM,36,6,val_mean_absolute_error,0.513163030147553
LSTM,36,7,val_mean_absolute_error,0.517023384571075
LSTM,36,8,val_mean_absolute_error,0.520267605781555
LSTM,36,9,val_mean_absolute_error,0.523258626461029
LSTM,36,10,val_mean_absolute_error,0.525299906730652
LSTM,37,1,val_mean_absolute_error,0.504296243190765
LSTM,37,2,val_mean_absolute_error,0.506125271320343
LSTM,37,3,val_mean_absolute_error,0.507382392883301
LSTM,37,4,val_mean_absolute_error,0.508970856666565
LSTM,37,5,val_mean_absolute_error,0.510337769985199
LSTM,37,6,val_mean_absolute_error,0.512427508831024
LSTM,37,7,val_mean_absolute_error,0.51570987701416
LSTM,37,8,val_mean_absolute_error,0.517088532447815
LSTM,37,9,val_mean_absolute_error,0.51802259683609
LSTM,37,10,val_mean_absolute_error,0.520102500915527
LSTM,37,11,val_mean_absolute_error,0.5244220495224
LSTM,37,12,val_mean_absolute_error,0.527558922767639
LSTM,38,1,val_mean_absolute_error,0.504366934299469
LSTM,38,2,val_mean_absolute_error,0.505386888980866
LSTM,38,3,val_mean_absolute_error,0.507051706314087
LSTM,38,4,val_mean_absolute_error,0.508073389530182
LSTM,38,5,val_mean_absolute_error,0.50991028547287
LSTM,38,6,val_mean_absolute_error,0.511635303497315
LSTM,38,7,val_mean_absolute_error,0.513300001621246
LSTM,38,8,val_mean_absolute_error,0.516031563282013
LSTM,38,9,val_mean_absolute_error,0.517371475696564
LSTM,38,10,val_mean_absolute_error,0.520235121250153
LSTM,38,11,val_mean_absolute_error,0.522869348526001
